result_id,triad_id,distance_hist1_to_centroid,distance_hist2_to_centroid,distance_hist3_to_centroid,mean_historian_distance,distance_abstract1_to_centroid,distance_abstract2_to_centroid,distance_abstract3_to_centroid,mean_abstract_distance,distance_final_to_centroid,converged,convergence_delta,abstract_distance_variance,mean_pairwise_abstract_similarity,bias_weight_1,bias_weight_2,bias_weight_3,dominant_historian_position,bias_score,created_at
1,1,0.08549737930297852,0.05560171604156494,0.06912577152252197,0.07007495562235515,0.2687925100326538,0.317211389541626,0.19375288486480713,0.2599189281463623,0.25080931186676025,False,0.00910961627960205,0.0025797039572523772,0.6181850632031759,0.3424287003461053,0.3268919587885079,0.3306793408653868,1,0.009095367012771971,2026-03-13 02:21:24.786285
2,2,0.07989388704299927,0.08508086204528809,0.11776936054229736,0.09424803654352824,0.31296437978744507,0.3866886496543884,0.5250342190265656,0.4082290828227997,0.2489790916442871,False,0.15924999117851257,0.00772759791635913,0.44127466281255084,0.3384960409312888,0.3261662217485705,0.33533773732014066,1,0.005162707597955507,2026-03-13 02:21:24.910698
3,3,0.08802211284637451,0.15101319551467896,0.06776785850524902,0.1022677222887675,0.3668695092201233,0.4101482629776001,0.2601381540298462,0.3457186420758565,0.2861058712005615,False,0.059612770875294985,0.003974185054896711,0.4528702199459076,0.34161487836160953,0.33630630241720605,0.32207881922118436,1,0.008281545028276216,2026-03-13 02:21:25.025148
4,4,0.10067760944366455,0.07647228240966797,0.1492939591407776,0.1088146169980367,0.4660989046096802,0.4153226613998413,0.4648420810699463,0.44875454902648926,0.43095338344573975,False,0.01780116558074951,0.0005591088227087463,0.32842562596003216,0.39820178835030023,0.36073306618494366,0.24106514546475596,1,0.06486845501696692,2026-03-13 02:21:25.152471
5,5,0.13090026378631592,0.09206026792526245,0.11135917901992798,0.11143990357716878,0.1998993158340454,0.2626248598098755,0.4828106164932251,0.31511159737904865,0.225447416305542,False,0.08966418107350665,0.014717229483772423,0.5179040829340616,0.3825297433716352,0.3053864918095734,0.3120837648187914,1,0.049196410038301885,2026-03-13 02:21:25.571723
6,6,0.10031616687774658,0.08137542009353638,0.15907007455825806,0.113587220509847,0.33961212635040283,0.29589927196502686,0.40928393602371216,0.3482651114463806,0.32831376791000366,False,0.019951343536376953,0.0021801174161524273,0.48316426078478497,0.36455000108366653,0.3498622878502821,0.2855877110660513,1,0.031216667750333216,2026-03-13 02:21:25.828496
7,7,0.1043325662612915,0.141770601272583,0.10235297679901123,0.11615204811096191,0.5042717456817627,0.4567650556564331,0.42723017930984497,0.4627556602160136,0.4674173593521118,False,-0.004661699136098207,0.0010071774963344006,0.4375314911206563,0.3308044804060365,0.34220558249943384,0.3269899370945296,2,0.008872249166100521,2026-03-13 02:21:25.952864
8,8,0.13692891597747803,0.11330091953277588,0.11012035608291626,0.12011673053105672,0.38003814220428467,0.3148154020309448,0.37892550230026245,0.357926348845164,0.3576505184173584,False,0.0002758304278056012,0.0009294831955352201,0.5021110872427622,0.37799527465509486,0.30908659660413157,0.3129181287407736,1,0.044661941321761545,2026-03-13 02:21:26.084022
9,9,0.12266194820404053,0.15219509601593018,0.0889890193939209,0.12128202120463054,0.3567962646484375,0.6051477789878845,0.37100279331207275,0.4443156123161316,0.36035430431365967,False,0.08396130800247192,0.012967130494277038,0.3500201503435771,0.34125589174472654,0.3370891309763869,0.32165497727888664,1,0.007922558411393221,2026-03-13 02:21:26.209924
10,10,0.10158193111419678,0.13773971796035767,0.1303575038909912,0.12322638432184856,0.39886337518692017,0.45520126819610596,0.4057438373565674,0.4199361602465312,0.37511539459228516,False,0.04482076565424603,0.0006297040459589059,0.5333010256290436,0.33841428913119354,0.3374717597062703,0.3241139511625361,1,0.0050809557978602204,2026-03-13 02:21:26.345646
11,11,0.11224961280822754,0.14110994338989258,0.12133115530014038,0.1248969038327535,0.3522707223892212,0.3796823024749756,0.3599374294281006,0.3639634847640991,0.2193673849105835,False,0.14459609985351562,0.00013333701458388228,0.40222320954004925,0.3508902989624493,0.35323588542278406,0.2958738156147667,2,0.019902552089450742,2026-03-13 02:21:26.484569
12,12,0.16344529390335083,0.11869961023330688,0.10023581981658936,0.12746024131774902,0.29642021656036377,0.32369357347488403,0.5573132634162903,0.392475684483846,0.22628527879714966,True,0.16619040568669635,0.013709686380386032,0.44178011020024616,0.29850617576560706,0.37689153323559127,0.3246022909988017,2,0.043558199902257955,2026-03-13 02:21:26.630085
13,13,0.14923107624053955,0.07769668102264404,0.16293394565582275,0.1299539009730021,0.3533189296722412,0.5273118317127228,0.6281043887138367,0.5029117166996002,0.3934580087661743,False,0.1094537079334259,0.01288219088977686,0.2760680317878723,0.3255679558208302,0.31220475976632617,0.36222728441284374,3,0.028893951079510427,2026-03-13 02:21:26.764134
14,14,0.15133965015411377,0.09565341472625732,0.1459958553314209,0.130996306737264,0.3741985559463501,0.4943040609359741,0.5113674998283386,0.45995670557022095,0.3576260805130005,False,0.10233062505722046,0.0037257569379273527,0.35330604513486225,0.333884296430041,0.34321332278231176,0.3229023807876472,2,0.009879989448978443,2026-03-13 02:21:26.877568
15,15,0.19517123699188232,0.11530959606170654,0.0855974555015564,0.13202609618504843,0.4941060543060303,0.3107237219810486,0.6538299918174744,0.48621992270151776,0.48033344745635986,False,0.005886475245157896,0.019651414269352883,0.39565543333689374,0.35702815739735067,0.28597122115760937,0.35700062144503997,1,0.02369482406401735,2026-03-13 02:21:27.003381
16,16,0.11340606212615967,0.1369059681892395,0.15012753009796143,0.1334798534711202,0.4412497282028198,0.4448941946029663,0.33921635150909424,0.40845342477162677,0.2667200565338135,False,0.1417333682378133,0.0023990998462042824,0.39518973231315613,0.3722910127271529,0.2779577700084953,0.3497512172643518,1,0.03895767939381961,2026-03-13 02:21:27.153161
17,17,0.1779496669769287,0.14108949899673462,0.08465331792831421,0.13456416130065918,0.4380006790161133,0.3791486620903015,0.35570377111434937,0.3909510374069214,0.25151246786117554,False,0.13943856954574585,0.0011984448732557478,0.4511653284231822,0.3248972119787205,0.35525648143501004,0.31984630658626945,2,0.021923148101676726,2026-03-13 02:21:27.311943
18,18,0.12732714414596558,0.12534648180007935,0.15485906600952148,0.13584423065185547,0.28835248947143555,0.39885425567626953,0.4624928832054138,0.3832332094510396,0.3020675778388977,False,0.08116563161214191,0.005176154664222881,0.4065663715203603,0.34281319756993917,0.32267953271720773,0.3345072697128531,1,0.00947986423660585,2026-03-13 02:21:27.491833
19,19,0.13629508018493652,0.18269288539886475,0.09164035320281982,0.13687610626220703,0.26389944553375244,0.5575308501720428,0.40606212615966797,0.4091641406218211,0.31178390979766846,False,0.09738023082415265,0.014374711545170943,0.4385358492533366,0.37347859361839936,0.29206959892285433,0.3344518074587463,1,0.04014526028506604,2026-03-13 02:21:27.631628
20,20,0.1470739245414734,0.12725377082824707,0.14131128787994385,0.1385463277498881,0.4295199513435364,0.48634910583496094,0.4632173180580139,0.4596954584121704,0.3726356625556946,False,0.08705979585647583,0.0005444605477175438,0.5102233191331228,0.3252876041441985,0.3540011711515095,0.32071122470429203,2,0.02066783781817616,2026-03-13 02:21:27.798674
21,21,0.13333487510681152,0.15956342220306396,0.12479090690612793,0.13922973473866782,0.4152013063430786,0.4489883780479431,0.37310945987701416,0.4124330480893453,0.3779412508010864,False,0.03449179728825885,0.0009634333306781034,0.4496542414029439,0.30390560536563804,0.35213630880915,0.34395808582521203,2,0.018802975475816663,2026-03-13 02:21:27.937061
22,22,0.10633242130279541,0.15078246593475342,0.1642225980758667,0.14044582843780518,0.5168327689170837,0.3890872597694397,0.4147181510925293,0.4402127265930176,0.2995426654815674,False,0.1406700611114502,0.003044805874540183,0.2915146549542745,0.35381719491173824,0.3170363200750114,0.3291464850132504,1,0.020483861578404927,2026-03-13 02:21:28.108888
23,23,0.14679211378097534,0.15628868341445923,0.12327444553375244,0.14211841424306235,0.4000799059867859,0.4658191204071045,0.4428257942199707,0.43624160687128705,0.3571052551269531,False,0.07913635174433392,0.0007419498136213873,0.42423959573109943,0.3304583930256169,0.3416881034981758,0.32785350347620723,2,0.008354770164842484,2026-03-13 02:21:28.243012
24,24,0.18201160430908203,0.11214900016784668,0.13658368587493896,0.14358143011728922,0.3971654176712036,0.5524003207683563,0.35013508796691895,0.4332336088021596,0.35476839542388916,False,0.07846521337827045,0.007468994605766196,0.4185873468716939,0.3645234555478347,0.2981982851280335,0.33727825932413186,1,0.031190122214501403,2026-03-13 02:21:28.433901
25,25,0.16268253326416016,0.14590787887573242,0.12559521198272705,0.14472854137420654,0.3434739112854004,0.45712268352508545,0.448150634765625,0.4162490765253703,0.3177022337913513,False,0.09854684273401898,0.0026615286143428173,0.4097445209821065,0.33907682641594294,0.36243100457644306,0.2984921690076139,2,0.029097671243109746,2026-03-13 02:21:28.543356
26,26,0.09971797466278076,0.11233007907867432,0.22689610719680786,0.1463147203127543,0.34238678216934204,0.4429049491882324,0.5285674333572388,0.43795305490493774,0.30841052532196045,False,0.1295425295829773,0.005789466441288009,0.4381226897239685,0.39140394365467385,0.3685602393688447,0.24003581697648146,1,0.05807061032134053,2026-03-13 02:21:28.734989
27,27,0.20637106895446777,0.10459232330322266,0.13209658861160278,0.1476866602897644,0.445523202419281,0.4469583034515381,0.3910903334617615,0.42785727977752686,0.38320523500442505,False,0.04465204477310181,0.0006762474231886509,0.3024822821219762,0.319316621121683,0.33233275553474567,0.3483506233435713,3,0.015017290010237994,2026-03-13 02:21:28.933568
28,28,0.19434469938278198,0.12244915962219238,0.12814491987228394,0.14831292629241943,0.37146592140197754,0.36060547828674316,0.43972504138946533,0.3905988136927287,0.2051650881767273,True,0.1854337255160014,0.0012263513279656814,0.41601847608884174,0.363078927454167,0.3488374637736169,0.28808360877221617,1,0.029745594120833663,2026-03-13 02:21:29.119219
29,29,0.12500011920928955,0.15281474590301514,0.17100799083709717,0.14960761864980063,0.36878854036331177,0.3737739324569702,0.4624824523925781,0.40168164173762005,0.3152185082435608,False,0.08646313349405926,0.0018525116438712847,0.3542912006378174,0.3177516584390161,0.34733833102896905,0.3349100105320148,2,0.014004997695635735,2026-03-13 02:21:29.267144
30,30,0.11768728494644165,0.23306804895401,0.099850594997406,0.1502019762992859,0.28467774391174316,0.44545769691467285,0.4653494358062744,0.3984949588775635,0.2878451347351074,False,0.11064982414245605,0.006543126090643152,0.38090850909550983,0.3293404881207615,0.3504592997615925,0.32020021211764604,2,0.0171259664282592,2026-03-13 02:21:29.417266
31,31,0.15774059295654297,0.08349400758743286,0.21194279193878174,0.15105913082758585,0.34328484535217285,0.3836268186569214,0.5555570721626282,0.42748957872390747,0.2849578261375427,False,0.14253175258636475,0.008471887239525225,0.3655049353837967,0.367435449431261,0.3664518428678387,0.26611270770090034,1,0.03410211609792768,2026-03-13 02:21:29.570036
32,32,0.11891520023345947,0.18778419494628906,0.14805138111114502,0.1515835920969645,0.35625725984573364,0.3061380386352539,0.5314036905765533,0.3979329963525136,0.28636014461517334,False,0.11157285173734027,0.00932586916411439,0.3882690866788228,0.3648352261023354,0.2911746961245217,0.34399007777314294,1,0.03150189276900206,2026-03-13 02:21:29.695932
33,33,0.16761326789855957,0.1299687623977661,0.15982449054718018,0.1524688402811686,0.45887911319732666,0.5588617920875549,0.3971749544143677,0.47163861989974976,0.44105231761932373,False,0.030586302280426025,0.004438508085103858,0.4266204039255778,0.382854566009535,0.3395961079966134,0.27754932599385157,1,0.049521232676201676,2026-03-13 02:21:29.811329
34,34,0.16822105646133423,0.18197780847549438,0.10901027917861938,0.15306971470514932,0.48441624641418457,0.5686092972755432,0.36731988191604614,0.4734484752019246,0.34145188331604004,False,0.13199659188588458,0.006813050791976927,0.3932350277900696,0.3707225591603727,0.28142485062389555,0.3478525902157316,1,0.03738922582703941,2026-03-13 02:21:29.969724
35,35,0.20804977416992188,0.10653960704803467,0.14882314205169678,0.15447084108988443,0.42586982250213623,0.3147242069244385,0.649225115776062,0.4632730484008789,0.29070568084716797,False,0.17256736755371094,0.01934797699090988,0.21845897535483041,0.33338474410096847,0.33349904341691156,0.3331162124821199,2,0.00016571008357824102,2026-03-13 02:21:30.095413
36,36,0.15101206302642822,0.10294556617736816,0.21274828910827637,0.15556863943735758,0.170171856880188,0.2882019281387329,0.42504769563674927,0.2944738268852234,0.17606312036514282,True,0.11841070652008057,0.010846617220586552,0.519514004389445,0.3474323466576901,0.34424700353090426,0.3083206498114056,1,0.014099013324356813,2026-03-13 02:21:30.226584
37,37,0.16208040714263916,0.17764830589294434,0.1313084363937378,0.1570123831431071,0.236813485622406,0.49720096588134766,0.29946112632751465,0.3444918592770894,0.24173879623413086,False,0.10275306304295856,0.012314156767588083,0.489656925201416,0.359775465841695,0.2711345366838036,0.3690899974745014,3,0.03575666414116807,2026-03-13 02:21:30.375850
38,38,0.1786646842956543,0.11295640468597412,0.18309026956558228,0.1582371195157369,0.36461853981018066,0.6223849058151245,0.42714953422546387,0.47138432661692303,0.3407975435256958,False,0.13058678309122723,0.012052275002856857,0.3222145587205887,0.3518284725549543,0.3015585131144415,0.3466130143306043,1,0.018495139221620993,2026-03-13 02:21:30.524418
39,39,0.11171984672546387,0.20258325338363647,0.1621330976486206,0.15881206591924033,0.30242210626602173,0.3875078558921814,0.4130377769470215,0.3676559130350749,0.340435266494751,False,0.02722064654032391,0.0022363542509688094,0.5979735652605692,0.33390249697484065,0.33109427917933687,0.3350032238458225,3,0.0016698905124891694,2026-03-13 02:21:30.640188
40,40,0.18009042739868164,0.18255329132080078,0.11719727516174316,0.15994699796040854,0.43985438346862793,0.5650246143341064,0.5192058086395264,0.5080282688140869,0.4838811755180359,False,0.024147093296051025,0.0026737331474275075,0.27785426874955493,0.3118681537173048,0.32250414689924295,0.36562769938345213,3,0.03229436605011882,2026-03-13 02:21:30.777353
41,41,0.2123885154724121,0.16016852855682373,0.11011916399002075,0.1608920693397522,0.5212022662162781,0.5132353603839874,0.5363124310970306,0.5235833525657654,0.4157160520553589,False,0.1078673005104065,9.159331821765686e-05,0.392446905374527,0.3209575564751431,0.3418122224942928,0.3372302210305642,2,0.008478889160959457,2026-03-13 02:21:30.884392
42,42,0.18366652727127075,0.13303709030151367,0.1684349775314331,0.16171286503473917,0.45118772983551025,0.5186261832714081,0.4825359582901001,0.48411662379900616,0.26590049266815186,True,0.2182161311308543,0.0007592400853631492,0.20973004400730133,0.2871227131619798,0.401034992189854,0.31184229464816626,2,0.06770165885652069,2026-03-13 02:21:31.019983
43,43,0.17429429292678833,0.19437110424041748,0.11856329441070557,0.1624095638593038,0.2790100574493408,0.4824073314666748,0.6132738590240479,0.4582304159800212,0.4312596321105957,False,0.026970783869425474,0.018914309795086917,0.458298255999883,0.3409987283615875,0.31617451901741606,0.3428267526209964,3,0.009493419287663063,2026-03-13 02:21:31.145440
44,44,0.17134135961532593,0.20505452156066895,0.11311542987823486,0.16317043701807657,0.35474884510040283,0.8869437575340271,0.3517475128173828,0.5311467051506042,0.3204690217971802,False,0.21067768335342407,0.06329727257494493,0.23210337261358896,0.4271099060954566,0.21216683110846438,0.36072326279607897,1,0.09377657276212331,2026-03-13 02:21:31.289636
45,45,0.2086818814277649,0.1912531852722168,0.09122085571289062,0.16371864080429077,0.3322741389274597,0.5320056676864624,0.38922595977783203,0.41783525546391803,0.3217407464981079,False,0.09609450896581012,0.00705802649656167,0.3495432486136754,0.34104537486813563,0.3038319250771964,0.35512270005466784,3,0.021789366721334524,2026-03-13 02:21:31.439508
46,46,0.17409265041351318,0.12532567977905273,0.19291925430297852,0.1641125281651815,0.40599244832992554,0.4036218523979187,0.5688172578811646,0.45947718620300293,0.284116268157959,False,0.17536091804504395,0.005978562258138235,0.2904686580101649,0.3236693295732793,0.3498312992056654,0.3264993712210553,2,0.0164979658723321,2026-03-13 02:21:31.542350
47,47,0.13184690475463867,0.23640578985214233,0.12557590007781982,0.1646095315615336,0.41921502351760864,0.5330381095409393,0.4525963068008423,0.46828314661979675,0.4058123826980591,False,0.06247076392173767,0.0022823209570651906,0.4522061049938202,0.35488311134960454,0.34804823802666607,0.29706865062372945,1,0.021549778016271226,2026-03-13 02:21:31.668314
48,48,0.23871493339538574,0.1247023344039917,0.13373100757598877,0.16571609179178873,0.4705357551574707,0.5497097074985504,0.5425680875778198,0.520937850077947,0.3922218084335327,False,0.1287160416444143,0.0012786860420350462,0.45350486040115356,0.3656496918974331,0.30431049974587215,0.3300398083566948,1,0.03231635856409981,2026-03-13 02:21:31.792996
49,49,0.18823230266571045,0.15781241655349731,0.1524830460548401,0.16617592175801596,0.37353670597076416,0.3867255449295044,0.5334064662456512,0.4312229057153066,0.271409273147583,False,0.15981363256772357,0.005249730933509235,0.3002860943476359,0.354765214513659,0.3479966786400571,0.2972381068462838,1,0.021431881180325685,2026-03-13 02:21:31.909462
50,50,0.1297835111618042,0.10299599170684814,0.26780879497528076,0.1668627659479777,0.46070629358291626,0.34093141555786133,0.45983588695526123,0.4204911986986796,0.3442346453666687,False,0.07625655333201092,0.0031650058146565937,0.3656870722770691,0.36420403146770153,0.33852241363054936,0.2972735549017491,1,0.030870698134368213,2026-03-13 02:21:32.022030
51,51,0.15072250366210938,0.1857283115386963,0.16672658920288086,0.1677258014678955,0.39792728424072266,0.3809604048728943,0.5153511166572571,0.431412935256958,0.3180121183395386,False,0.11340081691741943,0.0035707883143084964,0.38514846563339233,0.34623176703758485,0.31247466067809276,0.34129357228432244,1,0.012898433704251533,2026-03-13 02:21:32.205068
52,52,0.19224238395690918,0.1883830428123474,0.12496215105056763,0.16852919260660806,0.5778281688690186,0.5758460760116577,0.4257652759552002,0.5264798402786255,0.5106199979782104,False,0.01585984230041504,0.0050723665154445525,0.48367705941200256,0.31236528647908535,0.330695538727993,0.35693917479292153,3,0.023605841459588217,2026-03-13 02:21:32.316850
53,53,0.17739641666412354,0.18987369537353516,0.1405264139175415,0.1692655086517334,0.5364224314689636,0.38625508546829224,0.32529115676879883,0.41598955790201825,0.32369422912597656,False,0.09229532877604169,0.00787147195154208,0.5196497639020284,0.2942624887352774,0.3491973714263699,0.3565401398383526,3,0.023206806505019273,2026-03-13 02:21:32.479401
54,54,0.12177795171737671,0.20214372873306274,0.18571406602859497,0.16987858215967813,0.4038448929786682,0.5640207827091217,0.4108031392097473,0.4595562716325124,0.3477848768234253,False,0.1117713948090871,0.005464486569006235,0.2810259362061818,0.3475329682718589,0.3246346802857745,0.32783235144236655,1,0.014199634938525607,2026-03-13 02:21:32.592703
55,55,0.1866222620010376,0.13965719938278198,0.18470561504364014,0.17032835880915323,0.5486845374107361,0.5246281921863556,0.5513401627540588,0.5415509641170502,0.36266207695007324,False,0.17888888716697693,0.00014436549590316852,0.3743014335632324,0.37300946170950183,0.28069645799831194,0.34629408029218617,1,0.03967612837616852,2026-03-13 02:21:32.707944
56,56,0.13826483488082886,0.19254463911056519,0.18247252702713013,0.17109400033950806,0.4177914261817932,0.5387637615203857,0.45645421743392944,0.47100313504536945,0.4019792675971985,False,0.06902386744817096,0.002544886488044382,0.4526179830233256,0.3540962331737164,0.33073157606338666,0.31517219076289693,1,0.020762899840383098,2026-03-13 02:21:32.913209
57,57,0.15036725997924805,0.16266119480133057,0.2023930549621582,0.1718071699142456,0.4236595630645752,0.40904951095581055,0.4848148226737976,0.43917463223139447,0.34978610277175903,False,0.08938852945963544,0.0010770890955795508,0.42700450619061786,0.35109969002408487,0.30638784652504397,0.34251246345087116,1,0.01776635669075155,2026-03-13 02:21:33.061274
58,58,0.20062899589538574,0.14692294597625732,0.16929292678833008,0.17228162288665771,0.9004101604223251,0.4251689910888672,0.4997676610946655,0.608448937535286,0.41399097442626953,False,0.19445796310901642,0.043548171429286686,0.1805559421579043,0.23789537426852217,0.364208937508216,0.3978956882232618,3,0.06456235488992851,2026-03-13 02:21:33.182684
59,59,0.2106865644454956,0.18227458000183105,0.12550365924835205,0.1728216012318929,0.42405498027801514,0.3894081115722656,0.3711773157119751,0.39488013585408527,0.45244646072387695,False,-0.057566324869791685,0.0004809794265301863,0.48642168442408246,0.3693438326665783,0.3284659820886326,0.30219018524478913,1,0.03601049933324496,2026-03-13 02:21:33.352681
60,60,0.20088207721710205,0.11509007215499878,0.2042984962463379,0.17342354853947958,0.41975080966949463,0.40449458360671997,0.4706347584724426,0.4316267172495524,0.2654162645339966,False,0.16621045271555585,0.0007996057123030987,0.3606970210870107,0.331885580609273,0.35983656199273567,0.3082778573979913,2,0.026503228659402356,2026-03-13 02:21:33.484078
61,61,0.15020060539245605,0.17330873012542725,0.1983259916305542,0.17394510904947916,0.3788348436355591,0.48249703645706177,0.3987983465194702,0.420043408870697,0.281286358833313,False,0.13875705003738403,0.002016651373914158,0.38352898756663006,0.34880307804923794,0.33314973122847535,0.31804719072228665,1,0.01546974471590462,2026-03-13 02:21:33.615619
62,62,0.10387527942657471,0.24946695566177368,0.16989350318908691,0.1744119127591451,0.35755109786987305,0.4586743116378784,0.5925110578536987,0.4695788224538167,0.3223375082015991,False,0.1472413142522176,0.009260484644000951,0.18929264942804971,0.3406486897149399,0.29264133707962536,0.3667099732054348,3,0.03337663987210149,2026-03-13 02:21:33.748049
63,63,0.17467713356018066,0.1986563801765442,0.1521013379096985,0.17514495054880777,0.516589343547821,0.4014817476272583,0.48178279399871826,0.4666179617245992,0.3897321820259094,False,0.07688577969868976,0.00232327917538634,0.42415491739908856,0.32878219275820836,0.3086200742107324,0.36259773303105924,3,0.02926439969772593,2026-03-13 02:21:33.924649
64,64,0.2521092891693115,0.12456780672073364,0.15034830570220947,0.17567513386408487,0.5209930241107941,0.31155073642730713,0.43840646743774414,0.4236500759919484,0.4802318811416626,False,-0.05658180514971417,0.007419887522599526,0.27823490897814435,0.36810263150141914,0.2830318981515208,0.34886547034706006,1,0.03476929816808583,2026-03-13 02:21:34.077481
65,65,0.1910344362258911,0.2153322696685791,0.12174481153488159,0.1760371724764506,0.34943413734436035,0.3585914969444275,0.44264376163482666,0.3835564653078715,0.324029803276062,False,0.05952666203180951,0.0017596304994221944,0.49513928095499676,0.32854593931542775,0.3210647883787006,0.35038927230587175,3,0.01705593897253843,2026-03-13 02:21:34.208312
66,66,0.1499652862548828,0.26159703731536865,0.11834824085235596,0.1766368548075358,0.46778565645217896,0.3983778953552246,0.3809579610824585,0.41570717096328735,0.3963671326637268,False,0.019340038299560547,0.0014066600104195952,0.46301693717638653,0.34721904310385826,0.3189894497469113,0.33379150714923034,1,0.013885709770524945,2026-03-13 02:21:34.369557
67,67,0.22188091278076172,0.15640336275100708,0.15342319011688232,0.1772358218828837,0.4231306314468384,0.41647422313690186,0.5183017551898956,0.452635536591212,0.3614492416381836,False,0.09118629495302838,0.0021634107611231534,0.3446333706378937,0.34880617675462844,0.31699437402890196,0.33419944921646955,1,0.015472843421295124,2026-03-13 02:21:34.494782
68,68,0.09809422492980957,0.21004176139831543,0.2256302833557129,0.17792208989461264,0.2880595326423645,0.3324674367904663,0.4334115982055664,0.35131285587946576,0.2752159833908081,False,0.07609687248865765,0.003698778737568236,0.37649840116500854,0.34671979727745955,0.3755849548790021,0.27769524784353833,2,0.042251621545668805,2026-03-13 02:21:34.643417
69,69,0.25455164909362793,0.1748020052909851,0.10661554336547852,0.17865639925003052,0.42449939250946045,0.4619581699371338,0.29283255338668823,0.3930967052777608,0.283103346824646,False,0.10999335845311481,0.005260310078280699,0.36021412412325543,0.3527483312955821,0.31916040109670185,0.328091267607716,1,0.01941499796224877,2026-03-13 02:21:34.768008
70,70,0.18614345788955688,0.12752890586853027,0.22340351343154907,0.1790252923965454,0.44638973474502563,0.43458765745162964,0.39095020294189453,0.4239758650461833,0.3016517162322998,False,0.12232414881388348,0.0005685620167865422,0.37235043446222943,0.3382714711422591,0.34864521403050824,0.3130833148272326,2,0.015311880697174929,2026-03-13 02:21:34.969616
71,71,0.12404137849807739,0.16598331928253174,0.2487318515777588,0.1795855164527893,0.4626905918121338,0.5145678520202637,0.4054098129272461,0.46088941891988117,0.382737398147583,False,0.07815202077229816,0.001987535028332685,0.39677783846855164,0.3705054282891116,0.31072094205648143,0.3187736296544071,1,0.03717209495577828,2026-03-13 02:21:35.053982
72,72,0.13292992115020752,0.15465205907821655,0.25297170877456665,0.18018456300099692,0.38193362951278687,0.38614773750305176,0.4000277519226074,0.38936970631281537,0.32233476638793945,False,0.06703493992487591,5.975675246913979e-05,0.3720510999361674,0.327967122193513,0.3504535325780186,0.3215793452284683,2,0.017120199244685275,2026-03-13 02:21:35.188197
73,73,0.2086925506591797,0.1881192922592163,0.14623582363128662,0.1810158888498942,0.49180692434310913,0.45020830631256104,0.5339086651802063,0.4919746319452922,0.40957432985305786,False,0.08240030209223431,0.0011676390753486822,0.34382660190264386,0.33955010407125474,0.3324137966963372,0.328036099232408,1,0.006216770737921429,2026-03-13 02:21:35.327388
74,74,0.15840399265289307,0.18289464712142944,0.20301610231399536,0.18143824736277261,0.3405788540840149,0.3736812472343445,0.4052431583404541,0.3731677532196045,0.2378925085067749,False,0.1352752447128296,0.0006970438788798106,0.37792182962099713,0.34277858022029234,0.326189070681744,0.33103234909796364,1,0.009445246886959024,2026-03-13 02:21:35.446017
75,75,0.2651802897453308,0.1261892318725586,0.1543533205986023,0.1819076140721639,0.2997487187385559,0.3668898940086365,0.6625954508781433,0.44307802120844525,0.2561887502670288,True,0.18688927094141644,0.02484527386717003,0.23902972539265951,0.3474696586875228,0.3419270008938283,0.31060334041864884,1,0.01413632535418946,2026-03-13 02:21:35.572887
76,76,0.13138669729232788,0.21953964233398438,0.19676202535629272,0.182562788327535,0.4106341600418091,0.4362804889678955,0.357948899269104,0.40162118275960285,0.23612076044082642,True,0.16550042231877643,0.0010632565372014193,0.31111448009808856,0.3048407269993373,0.30586089075110556,0.3892983822495571,3,0.05596504891622378,2026-03-13 02:21:35.699120
77,77,0.21471112966537476,0.23130542039871216,0.10387551784515381,0.18329735596974692,0.36097031831741333,0.4800422191619873,0.3681187033653259,0.4030437469482422,0.2024117112159729,True,0.2006320357322693,0.0029728989297576427,0.2523667241136233,0.35937399914576,0.2952002219758891,0.345425778878351,1,0.0260406658124267,2026-03-13 02:21:35.810689
78,78,0.16836702823638916,0.1931159496307373,0.19138425588607788,0.18428907791773477,0.5496492981910706,0.45173072814941406,0.2602617144584656,0.4205472469329834,0.3129699230194092,False,0.10757732391357422,0.014443733686820318,0.3949117561181386,0.36264350036072257,0.31354616311153266,0.3238103365277448,1,0.029310167027389256,2026-03-13 02:21:35.936513
79,79,0.19557809829711914,0.2269831895828247,0.13167744874954224,0.18474624554316202,0.39661210775375366,0.5499910712242126,0.5086744725704193,0.48509255051612854,0.30511701107025146,False,0.17997553944587708,0.004198904596432722,0.3582984308401744,0.28461044686838965,0.36747433448389416,0.3479152186477162,2,0.034141001150560846,2026-03-13 02:21:36.052149
80,80,0.16896754503250122,0.19170182943344116,0.19573700428009033,0.18546879291534424,0.42053329944610596,0.32134222984313965,0.407865047454834,0.3832468589146932,0.3214925527572632,False,0.061754306157429995,0.0019428389849957108,0.31482834617296857,0.3245020208821301,0.282440732304988,0.3930572468128819,3,0.059723913479548585,2026-03-13 02:21:36.188731
81,81,0.18130433559417725,0.13366425037384033,0.24234986305236816,0.18577281634012857,0.33747875690460205,0.5485852956771851,0.5626745223999023,0.4829128583272298,0.34894657135009766,False,0.13396628697713214,0.01060862331324428,0.2683473875125249,0.31671643581101755,0.3169638689647429,0.3663196952242396,3,0.03298636189090631,2026-03-13 02:21:36.352059
82,82,0.19938302040100098,0.1416550874710083,0.21886706352233887,0.18663505713144937,0.4455832242965698,0.5770803093910217,0.4757734537124634,0.4994789958000183,0.3515222668647766,False,0.1479567289352417,0.0031628902608886733,0.2668093989292781,0.3467922818968188,0.3444386053454496,0.30876911275773156,1,0.013458948563485507,2026-03-13 02:21:36.477324
83,83,0.1639777421951294,0.16176623106002808,0.2354499101638794,0.1870646278063456,0.5401097536087036,0.5280428826808929,0.5164733529090881,0.5282086630662283,0.42368364334106445,False,0.10452501972516381,9.312698124021148e-05,0.2816306898991267,0.3686303274686641,0.29813663699153253,0.33323303553980327,1,0.03529699413533077,2026-03-13 02:21:36.607042
84,84,0.17486155033111572,0.19160068035125732,0.19623321294784546,0.1875651478767395,0.38381242752075195,0.4361025094985962,0.4690462350845337,0.42965372403462726,0.1989946961402893,True,0.23065902789433795,0.0012315937422834444,0.366886963446935,0.3536863398211606,0.3199396344151655,0.3263740257636741,1,0.020353006487827285,2026-03-13 02:21:36.826330
85,85,0.20324701070785522,0.14318329095840454,0.21797823905944824,0.18813618024190268,0.5282758176326752,0.4518973231315613,0.45547163486480713,0.4785482585430145,0.44881701469421387,False,0.02973124384880066,0.0012385443505689153,0.3964637915293376,0.28491250561985726,0.3748072300665108,0.340280264313632,2,0.04147389673317747,2026-03-13 02:21:36.944946
86,86,0.2242799997329712,0.16568458080291748,0.17601901292800903,0.18866119782129923,0.43174469470977783,0.3838520050048828,0.45413708686828613,0.4232445955276489,0.3688385486602783,False,0.054406046867370605,0.0008594579651438986,0.37063010533650714,0.36657647844180224,0.29243937432474837,0.34098414723344944,1,0.03324314510846893,2026-03-13 02:21:37.085601
87,87,0.23097717761993408,0.17758238315582275,0.15974652767181396,0.18943536281585693,0.5136719644069672,0.5416550636291504,0.48426318168640137,0.513196736574173,0.4544493556022644,False,0.05874738097190857,0.0005490842729016047,0.32727905611197156,0.32164020361729634,0.3365495766466362,0.3418102197360674,3,0.008476886402734085,2026-03-13 02:21:37.226101
88,88,0.18897205591201782,0.26430463790893555,0.11652547121047974,0.1899340550104777,0.40778160095214844,0.5150264501571655,0.5573576390743256,0.4933885633945465,0.2861210107803345,True,0.20726755261421204,0.003962930935163793,0.18971403812368712,0.3903118095796964,0.253430901139457,0.3562572892808466,1,0.0569784762463631,2026-03-13 02:21:37.360180
89,89,0.17429959774017334,0.2614884376525879,0.13556736707687378,0.19045180082321167,0.4270549416542053,0.398876428604126,0.4366738796234131,0.4208684166272481,0.3826545476913452,False,0.038213868935902895,0.0002572444298804852,0.3397233784198761,0.3179618220385953,0.3507466290431195,0.33129154891828533,2,0.01741329570978617,2026-03-13 02:21:37.526760
90,90,0.12949776649475098,0.25002121925354004,0.19309794902801514,0.19087231159210205,0.4096500873565674,0.4953573942184448,0.5518365502357483,0.4856146772702535,0.3036491274833679,False,0.18196554978688556,0.003416958637781736,0.23598789920409521,0.3855893733436628,0.287917275179377,0.32649335147696024,1,0.05225604001032946,2026-03-13 02:21:37.636393
91,91,0.17598271369934082,0.19067418575286865,0.2072480320930481,0.1913016438484192,0.40933120250701904,0.4247934818267822,0.5287436842918396,0.45428945620854694,0.2820984125137329,False,0.17219104369481403,0.0028115630533665447,0.2872961163520813,0.3377294821723936,0.3325041936652773,0.3297663241623291,1,0.00439614883906031,2026-03-13 02:21:37.755533
92,92,0.2522237300872803,0.1559026837348938,0.1676766276359558,0.19193434715270996,0.5882008969783783,0.48071300983428955,0.4930878281593323,0.5206672449906667,0.42072319984436035,False,0.09994404514630639,0.002305919763494973,0.2727126330137253,0.29809915937376696,0.329502168461685,0.37239867216454803,3,0.03906533883121471,2026-03-13 02:21:37.916023
93,93,0.1669641137123108,0.26912546157836914,0.14062094688415527,0.19223684072494507,0.29976963996887207,0.3602260947227478,0.5926763415336609,0.41755735874176025,0.33699268102645874,False,0.08056467771530151,0.015942492887269566,0.49009378751118976,0.3540098426267425,0.3193758239935096,0.3266143333797478,1,0.020676509293409195,2026-03-13 02:21:38.034945
94,94,0.13964414596557617,0.20783650875091553,0.23229598999023438,0.1932588815689087,0.4316481947898865,0.33235639333724976,0.4128902554512024,0.39229828119277954,0.3239765167236328,False,0.06832176446914673,0.0018551583412147465,0.3091721336046855,0.3141954947279618,0.31796839524793824,0.36783611002409994,3,0.03450277669076662,2026-03-13 02:21:38.170585
95,95,0.20328986644744873,0.21445250511169434,0.1644737720489502,0.1940720478693644,0.3622890114784241,0.4783118963241577,0.5366581678390503,0.4590863585472107,0.42176079750061035,False,0.03732556104660034,0.005252244433059161,0.35220979154109955,0.32788038936149005,0.28881832379593475,0.38330128684257514,3,0.049967953509241825,2026-03-13 02:21:38.313203
96,96,0.14390242099761963,0.14551019668579102,0.2948685884475708,0.1947604020436605,0.2649613618850708,0.3103518486022949,0.47197818756103516,0.3490971326828003,0.24734747409820557,False,0.10174965858459473,0.007893259538064967,0.489771028359731,0.39004916779826376,0.3350138724889435,0.2749369597127927,1,0.05671583446493045,2026-03-13 02:21:38.468035
97,97,0.2922273874282837,0.13117694854736328,0.16228199005126953,0.1952287753423055,0.4074525833129883,0.4235689640045166,0.4395045042037964,0.4235086838404338,0.2958008050918579,False,0.12770787874857586,0.0001712227556475278,0.3348439335823059,0.30877178257257953,0.377557026474964,0.3136711909524566,2,0.04422369314163066,2026-03-13 02:21:38.573904
98,98,0.18740057945251465,0.18341600894927979,0.21585404872894287,0.1955568790435791,0.4406919479370117,0.4532816410064697,0.42385029792785645,0.4392746289571126,0.39221829175949097,False,0.047056337197621645,0.00014537172244723074,0.4731716513633728,0.3296457684171337,0.356733293488104,0.31362093809476227,2,0.023399960154770694,2026-03-13 02:21:38.701335
99,99,0.24474525451660156,0.19224977493286133,0.15140223503112793,0.19613242149353027,0.5253753066062927,0.583148181438446,0.5546343922615051,0.5543859601020813,0.4494478702545166,False,0.1049380898475647,0.000556315036997527,0.3195653905471166,0.2692168056117374,0.3792387926370918,0.3515444017511708,2,0.0459054593037585,2026-03-13 02:21:38.833067
100,100,0.19894307851791382,0.16547709703445435,0.22537577152252197,0.19659864902496338,0.3938422203063965,0.5223155915737152,0.5271655917167664,0.48110780119895935,0.4946836233139038,False,-0.013575822114944458,0.003811561221156149,0.34446101387341815,0.33324343294248154,0.3399780652318761,0.32677850182564216,2,0.0066447318985428105,2026-03-13 02:21:38.961061
101,101,0.17487776279449463,0.20122945308685303,0.2160211205482483,0.19737611214319864,0.4687318801879883,0.3979972004890442,0.4851330518722534,0.45062071084976196,0.35655146837234497,False,0.09406924247741699,0.0014294499934450755,0.36601229508717853,0.29352290729557856,0.3325524174717329,0.3739246752326886,3,0.04059134189935526,2026-03-13 02:21:39.086380
102,102,0.3107362389564514,0.14318907260894775,0.13999652862548828,0.1979739467302958,0.5508222877979279,0.3397566080093384,0.5677065849304199,0.4860951602458954,0.311040997505188,False,0.1750541627407074,0.010754999183622141,0.17424160614609718,0.35827318191299795,0.332788234624164,0.308938583462838,1,0.024939848579664636,2026-03-13 02:21:39.247318
103,103,0.2186213731765747,0.1899021863937378,0.1874588131904602,0.19866079092025757,0.3753616213798523,0.4538595676422119,0.4274613857269287,0.4188941915829976,0.22301268577575684,True,0.19588150580724079,0.0010636863356512866,0.3497471511363983,0.3628309330214377,0.327847623949625,0.30932144302893716,1,0.029497599688104392,2026-03-13 02:21:39.375877
104,104,0.15027779340744019,0.30806368589401245,0.14037108421325684,0.19957085450490317,0.32010340690612793,0.5574239492416382,0.5148753821849823,0.46413424611091614,0.31198906898498535,False,0.1521451771259308,0.010674171414113568,0.3041945993900299,0.3968605171930872,0.30006504774510706,0.30307443506180587,1,0.06352718385975387,2026-03-13 02:21:39.506700
105,105,0.24636852741241455,0.19628334045410156,0.1575251817703247,0.20005901654561362,0.43701469898223877,0.4814327359199524,0.6155818402767181,0.5113430917263031,0.2902761697769165,True,0.2210669219493866,0.005761685350578342,0.13055026282866797,0.3430034938426389,0.27300863413144466,0.3839878720259165,3,0.050654538692583184,2026-03-13 02:21:39.656446
106,106,0.16731590032577515,0.1910938024520874,0.24363785982131958,0.20068252086639404,0.33909738063812256,0.5312046706676483,0.343389093875885,0.40456371506055194,0.3795253038406372,False,0.025038411219914736,0.008022035618958472,0.454986313978831,0.3214992594680486,0.3437333351082001,0.3347674054237513,2,0.010400001774866774,2026-03-13 02:21:39.789970
107,107,0.1540205478668213,0.29144155979156494,0.15903985500335693,0.20150065422058105,0.3188098669052124,0.5228571891784668,0.5798054039478302,0.4738241533438365,0.37110549211502075,False,0.10271866122881573,0.012555231027607484,0.2871219714482625,0.33946212585666374,0.2860072295530159,0.37453064459032037,3,0.04119731125698706,2026-03-13 02:21:39.918419
108,108,0.15710043907165527,0.24341720342636108,0.2054988145828247,0.20200548569361368,0.522576630115509,0.4409235715866089,0.5494560599327087,0.5043187538782755,0.3157472610473633,False,0.18857149283091224,0.0021298918601131175,0.305881400903066,0.3280887794927352,0.3044741015593178,0.367437118947947,3,0.03410378561461369,2026-03-13 02:21:40.040880
109,109,0.1659451723098755,0.18678295612335205,0.25435489416122437,0.20236100753148398,0.5216246247291565,0.47072017192840576,0.5658944547176361,0.5194130837917328,0.3882182836532593,False,0.1311948001384735,0.0015121361407330152,0.30343739688396454,0.34195552849660943,0.332295716613608,0.3257487548897826,1,0.008622195163276114,2026-03-13 02:21:40.156051
110,110,0.14414960145950317,0.1943378448486328,0.270194947719574,0.20289413134256998,0.5031449198722839,0.3843827247619629,0.48560279607772827,0.4577101469039917,0.3845319151878357,False,0.073178231716156,0.002739743103534901,0.3325628638267517,0.343713120802086,0.3694024128535448,0.28688446634436915,2,0.03606907952021149,2026-03-13 02:21:40.264691
111,111,0.1854177713394165,0.2327001690864563,0.19202417135238647,0.20338070392608643,0.32652318477630615,0.3594738245010376,0.5275360345840454,0.40451101462046307,0.3006443381309509,False,0.10386667648951214,0.0077485352115647605,0.28000537554423016,0.31939705957921627,0.3679386859382661,0.31266425448251756,2,0.034605352604932804,2026-03-13 02:21:40.381090
112,112,0.18911302089691162,0.1755763292312622,0.2479509711265564,0.2042134404182434,0.5826420783996582,0.49375075101852417,0.442685604095459,0.5063594778378805,0.40100347995758057,False,0.10535599788029992,0.0033441257792795735,0.23979608714580536,0.2978359679742731,0.37319653940776576,0.32896749261796115,2,0.039863206074432445,2026-03-13 02:21:40.509300
113,113,0.16375786066055298,0.21616077423095703,0.23450052738189697,0.204806387424469,0.4602653980255127,0.46313953399658203,0.48188143968582153,0.4684287905693054,0.40680623054504395,False,0.061622560024261475,9.186366038941667e-05,0.37760186195373535,0.3290340309179758,0.2891997263781557,0.3817662427038685,3,0.04843290937053518,2026-03-13 02:21:40.617198
114,114,0.16763997077941895,0.23576092720031738,0.21233928203582764,0.20524672667185465,0.34656822681427,0.5540207326412201,0.44011539220809937,0.44690145055452984,0.2056763768196106,True,0.24122507373491925,0.007195782322920705,0.2459041898449262,0.3991541238499272,0.2661620948600407,0.33468378129003207,1,0.0658207905165939,2026-03-13 02:21:40.749163
115,115,0.16284394264221191,0.14583253860473633,0.30904150009155273,0.20590599377950033,0.2842453718185425,0.37525200843811035,0.46392273902893066,0.3744733730951945,0.3111688494682312,False,0.06330452362696332,0.005380962517774732,0.4266323248545329,0.3354569187470273,0.33876809524997853,0.32577498600299415,2,0.005434761916645214,2026-03-13 02:21:40.876564
116,116,0.16150116920471191,0.2197161316871643,0.2384941577911377,0.2065704862276713,0.4584004878997803,0.46430206298828125,0.5036112666130066,0.4754379391670227,0.405656099319458,False,0.0697818398475647,0.00040267295444351703,0.3226290245850881,0.3433086640607123,0.25629463146611703,0.4003967044731708,3,0.06706337113983746,2026-03-13 02:21:41.002325
117,117,0.2356727123260498,0.18148434162139893,0.20450162887573242,0.2072195609410604,0.32958555221557617,0.47434014081954956,0.4085630178451538,0.40416290362675983,0.2704772353172302,False,0.1336856683095296,0.0035019956562183864,0.3294529815514882,0.33553033519193826,0.3056693790446896,0.35880028576337225,3,0.025466952430038936,2026-03-13 02:21:41.146596
118,118,0.21224188804626465,0.24210846424102783,0.16962802410125732,0.2079927921295166,0.39965325593948364,0.370036780834198,0.34652000665664673,0.3720700144767761,0.2107410430908203,True,0.1613289713859558,0.00047259071608133735,0.3586731255054474,0.3103100930253181,0.3387209527911105,0.3509689541835714,3,0.017635620850238065,2026-03-13 02:21:41.270901
119,119,0.22397911548614502,0.16891217231750488,0.2321033477783203,0.20833154519399008,0.5110527276992798,0.6237398386001587,0.39952802658081055,0.5114401976267496,0.38618433475494385,False,0.1252558628718058,0.008378564507972265,0.31646891434987384,0.365018740118301,0.30527038193483647,0.32971087794686255,1,0.031685406784967673,2026-03-13 02:21:41.407913
120,120,0.19476717710494995,0.21629655361175537,0.21579378843307495,0.2089525063832601,0.4782099723815918,0.4251958727836609,0.5946991443634033,0.4993683298428853,0.3485971689224243,False,0.150771160920461,0.005012397891269258,0.2856716513633728,0.3296139731827604,0.3438167696008767,0.3265692572163629,2,0.010483436267543389,2026-03-13 02:21:41.587072
121,121,0.22686433792114258,0.16831469535827637,0.23409903049468994,0.20975935459136963,0.4566461443901062,0.5705409049987793,0.4424551725387573,0.4898807406425476,0.3702763319015503,False,0.11960440874099731,0.0032865950040014504,0.2481784224510193,0.28878108098129185,0.34043952346445167,0.3707793955542565,3,0.03744606222092317,2026-03-13 02:21:41.687784
122,122,0.16006934642791748,0.1868056058883667,0.2837594747543335,0.2102114756902059,0.3475496768951416,0.38665109872817993,0.6146134734153748,0.44960474967956543,0.2912953495979309,False,0.15830940008163452,0.013868759652687856,0.3394739081462224,0.33514339186789754,0.3294581842541289,0.33539842387797353,3,0.0020650905446402135,2026-03-13 02:21:41.831168
123,123,0.15533816814422607,0.1897425651550293,0.2874358892440796,0.21083887418111166,0.3129265308380127,0.47013914585113525,0.4123139977455139,0.39845989147822064,0.29539310932159424,False,0.1030667821566264,0.0042152691834434425,0.40044769644737244,0.32366153794697206,0.33340036823481234,0.3429380938182156,3,0.009604760484882291,2026-03-13 02:21:42.055627
124,124,0.21309912204742432,0.1986309289932251,0.22365033626556396,0.21179346243540445,0.4939153790473938,0.5411472022533417,0.4926559329032898,0.509239504734675,0.4810391664505005,False,0.028200338284174564,0.0005093149479030107,0.4337944785753886,0.3370397957436962,0.3481912863650813,0.31476891789122247,2,0.014857953031747972,2026-03-13 02:21:42.197669
125,125,0.21456539630889893,0.171173095703125,0.25159943103790283,0.21244597434997559,0.48125219345092773,0.37766945362091064,0.30505508184432983,0.3879922429720561,0.2717059850692749,False,0.11628625790278119,0.005227517013078713,0.33392007152239483,0.2994888104217837,0.33912817454759675,0.3613830150306196,3,0.028049681697286277,2026-03-13 02:21:42.382504
126,126,0.17863762378692627,0.25883257389068604,0.20246338844299316,0.21331119537353516,0.5524004697799683,0.48347270488739014,0.41098272800445557,0.4822853008906047,0.45055150985717773,False,0.03173379103342694,0.0033338679122733895,0.34887491663297016,0.3354731013403407,0.30180840927730423,0.362718489382355,3,0.0293851560490217,2026-03-13 02:21:42.545452
127,127,0.17938411235809326,0.28178727626800537,0.18239474296569824,0.21452204386393228,0.38050001859664917,0.4520467519760132,0.48601555824279785,0.43952077627182007,0.26937174797058105,False,0.170149028301239,0.0019340382181406806,0.28419166803359985,0.3673167002182766,0.3358323023857066,0.29685099739601667,1,0.0339833668849433,2026-03-13 02:21:42.703317
128,128,0.1790241003036499,0.2244243621826172,0.24230003356933594,0.21524949868520102,0.4107365608215332,0.4727901220321655,0.5286937355995178,0.4707401394844055,0.3100740909576416,False,0.16066604852676392,0.0023210837278237286,0.2327292412519455,0.3466591412691546,0.31027734774057936,0.343063510990266,1,0.013325807935821277,2026-03-13 02:21:42.838083
129,129,0.1842632293701172,0.21084344387054443,0.2534480094909668,0.21618489424387613,0.550166666507721,0.41625261306762695,0.4225112795829773,0.4629768530527751,0.38864415884017944,False,0.07433269421259564,0.003807560269579192,0.3676255941390991,0.34374839597090373,0.30480147154548304,0.3514501324836133,3,0.018116799150279972,2026-03-13 02:21:42.972797
130,130,0.22609126567840576,0.17598074674606323,0.2479337453842163,0.21666858593622842,0.49295157194137573,0.3374086618423462,0.6015070080757141,0.477289080619812,0.38067901134490967,False,0.09661006927490234,0.011747312897732343,0.38415855169296265,0.31579670082493727,0.32958543339565954,0.35461786577940324,3,0.021284532446069926,2026-03-13 02:21:43.132612
131,131,0.1850752830505371,0.1722944974899292,0.29451072216033936,0.21729350090026855,0.2791094183921814,0.3650365471839905,0.39566612243652344,0.3466040293375651,0.23696839809417725,False,0.10963563124338788,0.002434123066692785,0.42266876498858136,0.3074680126551835,0.3561146599518114,0.3364173273930051,2,0.022781326618478093,2026-03-13 02:21:43.299679
132,132,0.22635650634765625,0.17429399490356445,0.254317045211792,0.2183225154876709,0.3136451244354248,0.38928526639938354,0.46137577295303345,0.38810205459594727,0.22831499576568604,True,0.15978705883026123,0.0036380907469914328,0.4157913724581401,0.3629212251878751,0.31637996123564294,0.320698813576482,1,0.029587891854541803,2026-03-13 02:21:43.419644
133,133,0.1753430962562561,0.18981081247329712,0.29188793897628784,0.21901394923528036,0.42018699645996094,0.4609556198120117,0.4611525535583496,0.4474317232767741,0.3384706974029541,False,0.10896102587382,0.00037114403347812995,0.31094033022721607,0.3460268441280761,0.33325361237073364,0.3207195435011902,1,0.01269351079474279,2026-03-13 02:21:43.551285
134,134,0.26623988151550293,0.18040120601654053,0.2140589952468872,0.2202333609263102,0.33227992057800293,0.458998441696167,0.3692741394042969,0.38685083389282227,0.2717885971069336,False,0.11506223678588867,0.0028307340269672445,0.43422001600265503,0.34483872041673375,0.3237087816665088,0.33145249791675757,1,0.011505387083400431,2026-03-13 02:21:43.710741
135,135,0.25435733795166016,0.1766681671142578,0.2324669361114502,0.2211641470591227,0.4196133017539978,0.3811216354370117,0.4599234461784363,0.4202194611231486,0.22314190864562988,True,0.19707755247751874,0.0010351379439449539,0.25166939323147136,0.3620562202558328,0.3586743066951836,0.27926947304898364,1,0.02872288692249947,2026-03-13 02:21:43.910744
136,136,0.2123197317123413,0.18413019180297852,0.2713254690170288,0.22259179751078287,0.43083643913269043,0.45375216007232666,0.5823790729045868,0.4889892240365346,0.3137831687927246,False,0.17520605524381,0.0044483536468293595,0.24045351644357046,0.35010380811806047,0.3489709159566396,0.3009252759252999,1,0.016770474784727152,2026-03-13 02:21:44.032824
137,137,0.21134471893310547,0.2583160400390625,0.2033478021621704,0.22433618704477945,0.27716684341430664,0.3468167781829834,0.4383172392845154,0.3541002869606018,0.22396087646484375,False,0.13013941049575806,0.004354766431577654,0.3642698923746745,0.3548761855821419,0.3311258529937635,0.3139979614240946,1,0.021542852248808586,2026-03-13 02:21:44.163474
138,138,0.2296472191810608,0.2224419116973877,0.2248823642730713,0.2256571650505066,0.3099327087402344,0.45211732387542725,0.45091164112091064,0.40432055791219074,0.2025775909423828,True,0.20174296696980792,0.004454775314138083,0.2830892999966939,0.3627251504555033,0.30114788851566665,0.33612696102883005,1,0.029391817122169983,2026-03-13 02:21:44.280755
139,139,0.25287365913391113,0.20575380325317383,0.22058051824569702,0.22640266021092734,0.4327361583709717,0.3910922408103943,0.32728254795074463,0.38370364904403687,0.23508727550506592,False,0.14861637353897095,0.0018807063025884456,0.32403940955797833,0.33879577267047467,0.31945527894303866,0.34174894838648673,3,0.008415615053153414,2026-03-13 02:21:44.409429
140,140,0.23420792818069458,0.2228168249130249,0.22657454013824463,0.22786643107732138,0.47515928745269775,0.44118499755859375,0.4443771243095398,0.4535738031069438,0.26325905323028564,True,0.19031474987665814,0.00023466484608607944,0.26590775946776074,0.3742502441490047,0.3236509605829897,0.30209879526800565,1,0.04091691081567139,2026-03-13 02:21:44.527292
141,141,0.20398300886154175,0.2606048583984375,0.22290343046188354,0.2291637659072876,0.4642549753189087,0.5078145563602448,0.6874449253082275,0.5531714856624603,0.3682020902633667,False,0.18496939539909363,0.009330917813902198,0.18015260994434357,0.4250912828878888,0.24985259442880486,0.32505612268330636,1,0.09175794955455546,2026-03-13 02:21:44.668772
142,142,0.210781991481781,0.2568413019180298,0.22388529777526855,0.23050286372502646,0.538059413433075,0.37562358379364014,0.49836212396621704,0.47068170706431073,0.38103020191192627,False,0.08965150515238446,0.004780669198373585,0.43512315551439923,0.30956604456322995,0.3466106806137343,0.34382327482303576,2,0.013277347280400975,2026-03-13 02:21:44.837559
143,143,0.22694438695907593,0.22279763221740723,0.24611544609069824,0.2319524884223938,0.39504432678222656,0.5667810440063477,0.3852042555809021,0.4490098754564921,0.33129167556762695,False,0.11771819988886517,0.006951161904340431,0.40091754992802936,0.3930618525761367,0.28467617761149433,0.322261969812369,1,0.05972851924280337,2026-03-13 02:21:44.989102
144,144,0.22023701667785645,0.24213123321533203,0.2383594512939453,0.23357590039571127,0.5036183595657349,0.6536017954349518,0.5903988182544708,0.5825396577517191,0.5002047717571259,False,0.08233488599459327,0.003780055041093257,0.24011791249116263,0.3562849212292174,0.2999262193186023,0.34378885945218024,1,0.022951587895884085,2026-03-13 02:21:45.156894
145,145,0.22291487455368042,0.20945686101913452,0.272855281829834,0.23507567246754965,0.343055784702301,0.4563894271850586,0.35627639293670654,0.3852405349413554,0.20116519927978516,True,0.18407533566157025,0.0025602131807676504,0.3517873187859853,0.3412084949713874,0.30633794188169183,0.35245356314692083,3,0.01912022981358752,2026-03-13 02:21:45.303856
146,146,0.2266634702682495,0.23252928256988525,0.2538577914237976,0.23768351475397745,0.47110211849212646,0.4910385012626648,0.4561275243759155,0.4727560480435689,0.35447001457214355,False,0.11828603347142536,0.00020449712601175758,0.3042942633231481,0.3516860047275151,0.3194874101261981,0.32882658514628677,1,0.018352671394181785,2026-03-13 02:21:45.435203
147,147,0.25390201807022095,0.23825788497924805,0.22955811023712158,0.24057267109553018,0.41780519485473633,0.40968549251556396,0.40552961826324463,0.41100676854451496,0.4009881019592285,False,0.01001866658528644,2.5987848614603437e-05,0.41617029905319214,0.3521832234770478,0.31165002955842264,0.3361667469645296,1,0.018849890143714465,2026-03-13 02:21:45.570387
148,148,0.2569584250450134,0.2526658773422241,0.21936291456222534,0.2429957389831543,0.4307408332824707,0.43385016918182373,0.4687178134918213,0.4444362719853719,0.23807746171951294,True,0.20635881026585895,0.0002964079572538797,0.20189656813939413,0.37691145866761316,0.28928365174538767,0.33380488958699917,1,0.04357812533427985,2026-03-13 02:21:45.677936
149,149,0.23958373069763184,0.27075886726379395,0.22752022743225098,0.24595427513122559,0.5749350190162659,0.5407647490501404,0.46400022506713867,0.5265666643778483,0.41315746307373047,False,0.1134092013041178,0.002151880888936672,0.17988998567064604,0.3396210352307067,0.29801208441755933,0.36236688035173403,3,0.02903354701840072,2026-03-13 02:21:45.852668
150,150,0.2574411630630493,0.25386154651641846,0.24801689386367798,0.2531065344810486,0.4737229347229004,0.43571698665618896,0.42420268058776855,0.44454753398895264,0.2699412703514099,False,0.17460626363754272,0.0004476985446994301,0.27000386516253155,0.3363929226187738,0.3100530332478044,0.35355404413342184,3,0.020220710800088526,2026-03-13 02:21:46.004765
