result_id,triad_id,distance_hist1_to_centroid,distance_hist2_to_centroid,distance_hist3_to_centroid,mean_historian_distance,distance_abstract1_to_centroid,distance_abstract2_to_centroid,distance_abstract3_to_centroid,mean_abstract_distance,distance_final_to_centroid,converged,convergence_delta,abstract_distance_variance,mean_pairwise_abstract_similarity,bias_weight_1,bias_weight_2,bias_weight_3,dominant_historian_position,bias_score,mean_source_embedding_distance,source_embedding_variance,created_at
1,1,0.35082465410232544,0.3567236661911011,0.32894885540008545,0.34549905856450397,0.47771042585372925,0.45834195613861084,0.47016292810440063,0.4687384366989136,0.34296882152557373,False,0.12576961517333984,6.353752439972975e-05,0.30688276638587314,0.3468835078868475,0.3684621084233074,0.28465438368984497,2,0.035128775089974085,0.6488801836967468,0.026603398844599724,2026-03-13 10:57:37.285114
2,2,0.3076489567756653,0.3101738691329956,0.3900523781776428,0.33595840136210126,0.4310137629508972,0.456767201423645,0.5519608855247498,0.47991394996643066,0.38503146171569824,False,0.09488248825073242,0.0027059203938672263,0.35251088937123615,0.3389848218987765,0.330535956744457,0.33047922135676644,1,0.005651488565443175,0.5957802534103394,0.021855948492884636,2026-03-13 10:57:37.434180
3,3,0.3529243469238281,0.321702241897583,0.31812262535095215,0.3309164047241211,0.47754430770874023,0.4859882593154907,0.42786145210266113,0.4637980063756307,0.31828659772872925,False,0.14551140864690143,0.0006576013529632343,0.37108959754308063,0.3437723381675676,0.34555184995247407,0.3106758118799583,2,0.012218516619140751,0.5731697678565979,0.04891643300652504,2026-03-13 10:57:37.574737
4,4,0.3528292179107666,0.3191927671432495,0.31693530082702637,0.32965242862701416,0.49504542350769043,0.5735847055912018,0.40377140045166016,0.49080050985018414,0.41827160120010376,False,0.07252890865008038,0.004815102746382354,0.4286092321077983,0.3598253713375855,0.32594934968375544,0.314225278978659,1,0.026492038004252205,0.6186760663986206,0.019843503832817078,2026-03-13 10:57:37.705274
5,5,0.31957077980041504,0.39383262395858765,0.2899305820465088,0.3344446619351705,0.4243602752685547,0.6328095197677612,0.4552965760231018,0.5041554570198059,0.3874671459197998,False,0.1166883111000061,0.008435443048173378,0.24840933084487915,0.3703480811117278,0.3506757191736313,0.27897619971464094,1,0.037014747778394474,0.6921091079711914,0.03193945065140724,2026-03-13 10:57:37.950634
6,6,0.2921367883682251,0.3069190979003906,0.4077005386352539,0.33558547496795654,0.3964567184448242,0.607406497001648,0.5916098952293396,0.5318243702252706,0.35644328594207764,False,0.175381084283193,0.009203789345534908,0.18979637573162714,0.34906526502179336,0.29048300934456844,0.3604517256336383,3,0.027118392300304994,0.6637389063835144,0.041319213807582855,2026-03-13 10:57:38.277813
7,7,0.31361865997314453,0.35050255060195923,0.31640052795410156,0.3268405795097351,0.6380598247051239,0.4481995105743408,0.3640700578689575,0.48344313104947406,0.3707160949707031,False,0.11272703607877094,0.013132788447253753,0.3608711212873459,0.313443511032273,0.3721462677975082,0.3144102211702188,2,0.038812934464174886,0.6245782375335693,0.03359583020210266,2026-03-13 10:57:38.513091
8,8,0.31977295875549316,0.3888164758682251,0.2812448740005493,0.32994476954142254,0.5752311646938324,0.5231435298919678,0.40189939737319946,0.5000913639863332,0.39267075061798096,False,0.10742061336835229,0.005273018103552789,0.2519101897875468,0.33484282586626557,0.33658275512084135,0.3285744190128931,2,0.0032494217875080333,0.703693687915802,0.033587098121643066,2026-03-13 10:57:38.786998
9,9,0.28337085247039795,0.30899763107299805,0.4007737636566162,0.3310474157333374,0.6602237224578857,0.5121622681617737,0.5500849485397339,0.5741569797197977,0.44922685623168945,False,0.12493012348810828,0.00394343038394693,0.16326253799100718,0.3835779176079208,0.2619192246387659,0.3545028577533133,1,0.0502445842745875,0.6809155941009521,0.02814672142267227,2026-03-13 10:57:38.977977
10,10,0.3025118112564087,0.2941148281097412,0.38661229610443115,0.32774631182352704,0.43678194284439087,0.609557032585144,0.5017949640750885,0.5160446465015411,0.39028120040893555,False,0.1257634460926056,0.005076731997114929,0.31510210037231445,0.36271833554549515,0.30347615206536793,0.33380551238913697,1,0.029385002212161837,0.6043259501457214,0.014355789870023727,2026-03-13 10:57:39.157482
11,11,0.34695184230804443,0.30510175228118896,0.31554609537124634,0.3225332299868266,0.5124445557594299,0.46022021770477295,0.44183915853500366,0.47150131066640216,0.3087431788444519,False,0.16275813182195026,0.0008944852154076304,0.33287834127744037,0.3469859759450738,0.30109744566109414,0.3519165783938321,3,0.0185832450604988,0.6083536744117737,0.042443081736564636,2026-03-13 10:57:39.293926
12,12,0.3207355737686157,0.2768014073371887,0.3853754997253418,0.3276374936103821,0.5687076151371002,0.4872562289237976,0.5690703690052032,0.5416780710220337,0.43567216396331787,False,0.10600590705871582,0.001480890380410808,0.2731037537256877,0.3170523675355147,0.3270216916677821,0.3559259407967032,3,0.022592607463369885,0.7197986841201782,0.03722914680838585,2026-03-13 10:57:39.431296
13,13,0.3253387212753296,0.33537089824676514,0.30166590213775635,0.3207918405532837,0.5371674299240112,0.46373969316482544,0.3888598680496216,0.4632556637128194,0.376190185546875,False,0.0870654781659444,0.003665972627109524,0.47643319765726727,0.3528604492773576,0.3650579108077329,0.28208163991490953,2,0.03172457747439961,0.6978095173835754,0.018124781548976898,2026-03-13 10:57:39.597596
14,14,0.3036254048347473,0.3538387417793274,0.3078916072845459,0.3217852512995402,0.48809105157852173,0.4813520312309265,0.45082539319992065,0.4734228253364563,0.29216837882995605,False,0.18125444650650024,0.000262891035456884,0.3300635516643524,0.3259736742271194,0.3569903960180806,0.3170359297548001,2,0.023657062684747265,0.6587522625923157,0.03824426233768463,2026-03-13 10:57:39.742388
15,15,0.3239166736602783,0.2995486855506897,0.3356877565383911,0.3197177052497864,0.50040203332901,0.6303286552429199,0.40559107065200806,0.512107253074646,0.5095295310020447,False,0.0025777220726013184,0.00848633640593969,0.4085499147574107,0.31895921215722084,0.36534357166892,0.31569721617385915,2,0.032010238335586694,0.6296456456184387,0.017232883721590042,2026-03-13 10:57:39.923850
16,16,0.29400789737701416,0.39358413219451904,0.291273832321167,0.3262886206309001,0.40209144353866577,0.5790658593177795,0.4803101420402527,0.487155814965566,0.3590102195739746,False,0.12814559539159137,0.005243422258959956,0.3370988915363948,0.3552275768762252,0.31320114557526885,0.33157127754850596,1,0.021894243542891878,0.6607914566993713,0.022968336939811707,2026-03-13 10:57:40.066908
17,17,0.300057053565979,0.351049542427063,0.3088204860687256,0.3199756940205892,0.533625066280365,0.5357168316841125,0.41673600673675537,0.49535930156707764,0.3510531187057495,False,0.14430618286132812,0.0030915404920719425,0.3478701710700989,0.328938003270916,0.35479105722222887,0.31627093950685503,2,0.021457723888895552,0.6212154626846313,0.03487812727689743,2026-03-13 10:57:40.186136
18,18,0.30954599380493164,0.282936155796051,0.37352484464645386,0.3220023314158122,0.4212874174118042,0.5151398181915283,0.5786518454551697,0.5050263603528341,0.3703848123550415,False,0.1346415479977926,0.004178401550296781,0.27776247759660083,0.31376547299764085,0.328795346897552,0.35743918010480724,3,0.024105846771473927,0.6469442248344421,0.023153679445385933,2026-03-13 10:57:40.374252
19,19,0.30260372161865234,0.4025254249572754,0.2750462293624878,0.3267251253128052,0.49849069118499756,0.5218380093574524,0.6162342131137848,0.5455209712187449,0.40000468492507935,False,0.14551628629366553,0.002591030833960851,0.22470896194378534,0.3185438773299285,0.36672240385531746,0.31473371881475415,2,0.03338907052198414,0.6834483742713928,0.032167624682188034,2026-03-13 10:57:40.563200
20,20,0.3169679045677185,0.3287391662597656,0.303130567073822,0.31627921263376874,0.6258490681648254,0.8084790408611298,0.4538698196411133,0.6293993095556895,0.4121524691581726,False,0.21724684039751685,0.020964252069344467,0.14464337875445685,0.3595741872690498,0.21133623863969758,0.4290895740912526,3,0.09575624075791928,0.5792320370674133,0.03429919853806496,2026-03-13 10:57:40.745782
21,21,0.2966426610946655,0.3872743844985962,0.28449106216430664,0.32280270258585614,0.3942214250564575,0.5770291686058044,0.4485001564025879,0.47325025002161664,0.3893505334854126,False,0.08389971653620404,0.005876062084009309,0.3849351654450099,0.39162425569883313,0.28381266360801854,0.32456308069314843,1,0.05829092236549982,0.6329023241996765,0.02191377803683281,2026-03-13 10:57:40.948537
22,22,0.2958601713180542,0.356354296207428,0.3013189435005188,0.3178444703420003,0.4014853835105896,0.4030535817146301,0.38812315464019775,0.39755403995513916,0.33966726064682007,False,0.05788677930831909,4.4880673179648056e-05,0.5925127466519674,0.32684630446083407,0.3349068683814098,0.33824682715775606,3,0.004913493824422743,0.653214693069458,0.01672404259443283,2026-03-13 10:57:41.106298
23,23,0.3031609058380127,0.3819025754928589,0.27958595752716064,0.3215498129526774,0.35806572437286377,0.5674831867218018,0.43954575061798096,0.4550315539042155,0.31380707025527954,False,0.14122448364893597,0.0074291839744881185,0.3960994978745778,0.3279395610071837,0.31347020589960756,0.3585902330932088,3,0.025256899759875495,0.6380271315574646,0.02623281069099903,2026-03-13 10:57:41.265237
24,24,0.28822481632232666,0.36738163232803345,0.2999071478843689,0.318504532178243,0.5890002250671387,0.6331225037574768,0.46426165103912354,0.5621281266212463,0.48196011781692505,False,0.08016800880432129,0.005113386100904431,0.35432042678197223,0.35027505488571187,0.29644972046901213,0.3532752246452761,3,0.019941891311942794,0.6179642677307129,0.03027316927909851,2026-03-13 10:57:41.396869
25,25,0.33847153186798096,0.3605731725692749,0.2642335295677185,0.32109274466832477,0.5474761128425598,0.638872504234314,0.6177067756652832,0.601351797580719,0.430139422416687,False,0.17121237516403198,0.0015259593806457399,0.2536444713672002,0.3448939053451931,0.3552309315744448,0.29987516308036205,2,0.021897598241111482,0.6655821204185486,0.02684597484767437,2026-03-13 10:57:41.551159
26,26,0.33263731002807617,0.3488718271255493,0.27311885356903076,0.31820933024088544,0.438348650932312,0.6414355933666229,0.5724500417709351,0.55074476202329,0.5180300772190094,False,0.032714684804280636,0.007109610615681285,0.4151228566964467,0.33634794455052114,0.3263751338477182,0.3372769216017607,3,0.003943588268427389,0.605233907699585,0.017736010253429413,2026-03-13 10:57:41.716396
27,27,0.33021146059036255,0.3513273596763611,0.27317243814468384,0.3182370861371358,0.41434240341186523,0.6612639427185059,0.43384474515914917,0.5031503637631735,0.4402714967727661,False,0.06287886699040734,0.012563342147303383,0.29669112463792163,0.32790132531626726,0.34480701799701435,0.3272916566867184,2,0.011473684663681039,0.6678540706634521,0.026919053867459297,2026-03-13 10:57:41.927878
28,28,0.31024837493896484,0.26784318685531616,0.39083439111709595,0.32297531763712567,0.4957725405693054,0.452833354473114,0.5674738585948944,0.5053599178791046,0.35689473152160645,False,0.14846518635749817,0.002236366432722884,0.24221723278363547,0.3325663109044895,0.33563845023827327,0.33179523885723716,2,0.0023051169049399522,0.6833952069282532,0.050099022686481476,2026-03-13 10:57:42.131426
29,29,0.32171905040740967,0.32656943798065186,0.29377514123916626,0.3140212098757426,0.5678571462631226,0.5699114501476288,0.5390270352363586,0.5589318772157034,0.5261933207511902,False,0.03273855646451318,0.0001988047278529908,0.42500163118044537,0.38454852899066894,0.35871253434689593,0.256738936662435,1,0.05121519565733562,0.694912314414978,0.016444358974695206,2026-03-13 10:57:42.397823
30,30,0.3477655053138733,0.3268406391143799,0.27508968114852905,0.31656527519226074,0.6049225926399231,0.5760906934738159,0.530115395784378,0.5703762272993723,0.4760096073150635,False,0.09436661998430884,0.000949013678726808,0.45992223421732586,0.30083259581291877,0.33786076624731953,0.36130663793976175,3,0.02797330460642844,0.6869259476661682,0.04270577430725098,2026-03-13 10:57:42.824277
31,31,0.2910606265068054,0.3907761573791504,0.2806720733642578,0.3208362857500712,0.42808735370635986,0.4862852096557617,0.5776959657669067,0.4973561763763428,0.3930448293685913,False,0.10431134700775146,0.003791739285844642,0.31899691621462506,0.3484513802721443,0.34604170341316404,0.3055069163146917,1,0.01511804693881097,0.6029132604598999,0.014990917406976223,2026-03-13 10:57:43.045984
32,32,0.2950063943862915,0.2923056483268738,0.35662591457366943,0.31464598576227826,0.528559148311615,0.47087061405181885,0.6381701231002808,0.5458666284879049,0.4404482841491699,False,0.10541834433873498,0.004814628723002399,0.348093902071317,0.29148000181078815,0.36283541425000465,0.34568458393920726,2,0.029502080916671336,0.6215497255325317,0.029354237020015717,2026-03-13 10:57:43.240169
33,33,0.33475369215011597,0.3205912709236145,0.28136301040649414,0.3122359911600749,0.561808854341507,0.5275693535804749,0.5106241703033447,0.5333341260751089,0.41532135009765625,False,0.11801277597745263,0.00045326161430519417,0.36690033475557965,0.30597227263746746,0.32179897468915464,0.37222875267337785,3,0.038895419340044535,0.503422200679779,0.025290321558713913,2026-03-13 10:57:43.387551
34,34,0.3635050058364868,0.2803666591644287,0.29957032203674316,0.31448066234588623,0.56038698554039,0.6049515008926392,0.3184899091720581,0.49460946520169574,0.45774996280670166,False,0.03685950239499408,0.015840048346135147,0.34911491473515827,0.3791343974477712,0.3468519314691551,0.2740136710830738,1,0.045801064114437906,0.6174949407577515,0.046248190104961395,2026-03-13 10:57:43.519450
35,35,0.3041731119155884,0.3212343454360962,0.3041144609451294,0.3098406394322713,0.4847007989883423,0.4273492097854614,0.43335670232772827,0.4484689037005107,0.310843825340271,False,0.13762507836023968,0.0006623901125150963,0.3069773664077123,0.3735616136462135,0.3448837368020305,0.2815546495517559,1,0.04022828031288017,0.6588559746742249,0.03087545372545719,2026-03-13 10:57:43.711549
36,36,0.3598564863204956,0.28715306520462036,0.2932288646697998,0.31341280539830524,0.5246790647506714,0.4727518558502197,0.43590855598449707,0.4777798255284627,0.4450647830963135,False,0.03271504243214923,0.0013260074439769042,0.43238556385040283,0.34059445104304714,0.34853367613423253,0.3108718728227203,2,0.015200342800899214,0.592386782169342,0.02863907814025879,2026-03-13 10:57:43.909865
37,37,0.37446868419647217,0.29155099391937256,0.2809392213821411,0.3156529664993286,0.5494758784770966,0.4630599021911621,0.38510751724243164,0.4658810993035634,0.29109978675842285,False,0.17478131254514057,0.004506805939068394,0.3843117853005727,0.3477110532790605,0.30246891098597284,0.3498200357349667,3,0.016486702401633357,0.6385287046432495,0.01668662577867508,2026-03-13 10:57:44.030854
38,38,0.2946295142173767,0.35424602031707764,0.287067174911499,0.3119809031486511,0.4953092336654663,0.5431268811225891,0.4088866114616394,0.48244090874989826,0.4225524663925171,False,0.059888442357381166,0.0030862052261737306,0.4602562089761098,0.34749941369395465,0.30725562074020885,0.3452449655658365,1,0.014166080360621336,0.5001865029335022,0.040426358580589294,2026-03-13 10:57:44.272244
39,39,0.3264228105545044,0.3120279312133789,0.2891315221786499,0.30919408798217773,0.6211435794830322,0.5520433783531189,0.45083218812942505,0.5413397153218588,0.37294793128967285,False,0.1683917840321859,0.004891612538610307,0.27847203612327576,0.33941628418157205,0.3197670889881086,0.3408166268303193,3,0.00748329349698601,0.6203329563140869,0.03874703869223595,2026-03-13 10:57:44.586487
40,40,0.28712302446365356,0.3941000699996948,0.27259987592697144,0.3179409901301066,0.3252257704734802,0.5665108561515808,0.5005123615264893,0.4640829960505168,0.39375656843185425,False,0.07032642761866253,0.010366631429605712,0.41048528750737506,0.3643770323412545,0.3402398556052844,0.295383112053461,1,0.0310436990079212,0.6339755058288574,0.024854175746440887,2026-03-13 10:57:44.768659
41,41,0.2693791389465332,0.2955111265182495,0.38393276929855347,0.31627434492111206,0.5213512182235718,0.42499828338623047,0.5515587329864502,0.4993027448654175,0.45892250537872314,False,0.040380239486694336,0.0029126588225475794,0.4716121355692546,0.2990087195130197,0.3480196706292815,0.35297160985769865,3,0.01963827652436534,0.5559282302856445,0.022389065474271774,2026-03-13 10:57:44.893224
42,42,0.26163631677627563,0.2976487874984741,0.3999253511428833,0.31973681847254437,0.4261869192123413,0.5244513750076294,0.5753545761108398,0.5086642901102701,0.37649136781692505,False,0.1321729222933451,0.00383311433554291,0.22171651820341745,0.3604586894767463,0.2588407782903748,0.38070053223287886,3,0.04736719889954555,0.6600494384765625,0.050543978810310364,2026-03-13 10:57:45.076182
43,43,0.2789578437805176,0.40383410453796387,0.2754480838775635,0.3194133440653483,0.4075077772140503,0.5666980743408203,0.5772594213485718,0.5171550909678141,0.4125407338142395,False,0.10461435715357459,0.006029857048477854,0.2955676068862279,0.35510065055755097,0.3348910706186422,0.3100082788238069,1,0.021767317224217653,0.6773117780685425,0.029463520273566246,2026-03-13 10:57:45.248385
44,44,0.382731556892395,0.29014718532562256,0.2719361186027527,0.3149382869402568,0.40550053119659424,0.45713329315185547,0.3750876188278198,0.41257381439208984,0.28674745559692383,False,0.12582635879516602,0.001146931113462794,0.4636821448802948,0.34196506766614343,0.33329299528719275,0.3247419370466639,1,0.008631734332810115,0.7083691358566284,0.020878734067082405,2026-03-13 10:57:45.369771
45,45,0.34612178802490234,0.3142653703689575,0.2705429792404175,0.31031004587809247,0.5953318476676941,0.6588178873062134,0.4415842294692993,0.5652446548144022,0.5482376217842102,False,0.01700703303019202,0.008317696603096496,0.4205806255340576,0.3220267609109439,0.3685761931662547,0.30939704592280154,2,0.03524285983292136,0.6433868408203125,0.0249327365309,2026-03-13 10:57:45.515400
46,46,0.2840029001235962,0.4151085615158081,0.264351487159729,0.32115431626637775,0.509809672832489,0.5278419256210327,0.5573218464851379,0.5316578149795532,0.3675079345703125,False,0.16414988040924072,0.00038351494666481284,0.263887162009875,0.3076198132703598,0.35941024527244897,0.33296994145719117,2,0.026076911939115655,0.7284891605377197,0.02985556609928608,2026-03-13 10:57:45.683730
47,47,0.2798454761505127,0.36512458324432373,0.28744423389434814,0.3108047644297282,0.5443335771560669,0.5469119846820831,0.5792270600795746,0.5568242073059082,0.4723145365715027,False,0.08450967073440552,0.00025205193709432194,0.46442896127700806,0.32076772030600526,0.34418034070555964,0.3350519389884351,2,0.010847007372226325,0.6124182343482971,0.016467878594994545,2026-03-13 10:57:45.884692
48,48,0.3776755928993225,0.2834995985031128,0.27684271335601807,0.31267263491948444,0.5955998301506042,0.38876330852508545,0.6335466206073761,0.5393032530943552,0.425143837928772,False,0.11415941516558326,0.011571130606454441,0.32345670958360034,0.3652764116100605,0.31195205692505956,0.3227715314648799,1,0.03194307827672721,0.6130893230438232,0.01926635019481182,2026-03-13 10:57:46.065181
49,49,0.2942920923233032,0.30049675703048706,0.31982409954071045,0.30487098296483356,0.45899826288223267,0.4239919185638428,0.42220115661621094,0.43506377935409546,0.2770063877105713,False,0.15805739164352417,0.0002869642222715167,0.276149849096934,0.348451593559365,0.3415778962804887,0.30997051016014643,1,0.015118260226031688,0.612586498260498,0.03654651343822479,2026-03-13 10:57:46.188980
50,50,0.3762524127960205,0.2840195894241333,0.27517205476760864,0.31181468566258747,0.522102415561676,0.32245969772338867,0.41678011417388916,0.4204474091529846,0.32758545875549316,False,0.09286195039749146,0.006649593657208186,0.39077576001485187,0.35524599269598234,0.3303852556958739,0.31436875160814387,1,0.021912659362649023,0.6374868750572205,0.020895039662718773,2026-03-13 10:57:46.406355
51,51,0.26647239923477173,0.3807286024093628,0.2916959524154663,0.31296565135320026,0.5092814266681671,0.48680931329727173,0.6897923350334167,0.5619610249996185,0.44974541664123535,False,0.11221560835838318,0.008254587892370916,0.33536262313524884,0.30876463915635655,0.33858558556900925,0.35264977527463415,3,0.019316441941300833,0.717503011226654,0.021065808832645416,2026-03-13 10:57:46.564306
52,52,0.27442753314971924,0.3785130977630615,0.2813560962677002,0.31143224239349365,0.460995078086853,0.5006931722164154,0.34974950551986694,0.4371459186077118,0.3084801435470581,False,0.1286657750606537,0.004081722956563875,0.38984296719233197,0.35520133889162925,0.33761259185153003,0.30718606925684067,1,0.021868005558295933,0.6257656216621399,0.030072016641497612,2026-03-13 10:57:46.724219
53,53,0.3086954951286316,0.33888304233551025,0.2713548541069031,0.30631113052368164,0.5414177477359772,0.5452801883220673,0.5954960286617279,0.5607313215732574,0.5405692458152771,False,0.020162075757980347,0.0006067788373537534,0.338843713204066,0.388903856267584,0.3130270820158292,0.2980690617165868,1,0.05557052293425069,0.6032044291496277,0.023988312110304832,2026-03-13 10:57:46.901050
54,54,0.2883814573287964,0.3123987913131714,0.3059711456298828,0.3022504647572835,0.44845837354660034,0.4740360379219055,0.4073599576950073,0.4432847897211711,0.3278103470802307,False,0.11547444264094037,0.0007543329305366659,0.2504349648952484,0.39030279709749965,0.2884052714724412,0.32129193143005913,1,0.05696946376416634,0.7004233598709106,0.02748657390475273,2026-03-13 10:57:47.072780
55,55,0.2664579153060913,0.28172481060028076,0.37959110736846924,0.3092579444249471,0.5593888163566589,0.6664294600486755,0.6010434925556183,0.6089539229869843,0.5826530158519745,False,0.026300907135009766,0.0019409040218049494,0.3953022410472234,0.34612739378690793,0.3156709320389528,0.3382016741741392,1,0.012794060453574618,0.5788288116455078,0.01813698746263981,2026-03-13 10:57:47.226784
56,56,0.3879086971282959,0.2727576494216919,0.27105557918548584,0.3105739752451579,0.5401399731636047,0.5125333666801453,0.3788665533065796,0.4771799643834432,0.45005345344543457,False,0.027126510938008608,0.004959784185706282,0.5559037526448568,0.3400990554601165,0.3459527487425235,0.31394819579736,2,0.012619415409190204,0.6270266771316528,0.014543430879712105,2026-03-13 10:57:47.418582
57,57,0.31581783294677734,0.37231922149658203,0.24511444568634033,0.3110838333765666,0.4816092252731323,0.6217386722564697,0.44455230236053467,0.5159667332967123,0.4312301278114319,False,0.08473660548528039,0.005822720791611699,0.30837275584538776,0.37839023075974,0.31449488122224245,0.30711488801801756,1,0.04505689742640667,0.7314164638519287,0.031890034675598145,2026-03-13 10:57:47.607428
58,58,0.34509289264678955,0.3015618920326233,0.2652308940887451,0.3039618929227193,0.759050041437149,0.47410106658935547,0.48209095001220703,0.5717473526795706,0.4585531949996948,False,0.11319415767987573,0.017551788314094294,0.221604585647583,0.31218561374780635,0.36263659155299016,0.3251777946992035,2,0.029303258219656847,0.5984377861022949,0.05079280212521553,2026-03-13 10:57:47.773606
59,59,0.2700786590576172,0.3562905788421631,0.287680983543396,0.3046834071477254,0.4993363618850708,0.43843507766723633,0.4314225912094116,0.45639801025390625,0.35256749391555786,False,0.10383051633834839,0.0009300468481209615,0.3987882137298584,0.32506473829069055,0.36099370594976427,0.31394155575954524,2,0.02766037261643095,0.5823304653167725,0.04566740617156029,2026-03-13 10:57:48.000593
60,60,0.2489493489265442,0.295208215713501,0.39513182640075684,0.31309646368026733,0.5917080044746399,0.5231198966503143,0.5627790987491608,0.5592023332913717,0.4634265899658203,False,0.09577574332555139,0.0007904513813902348,0.2680939535299937,0.37448327795064973,0.28407386501550114,0.3414428570338491,1,0.041149944617316414,0.6521915793418884,0.041651397943496704,2026-03-13 10:57:48.178122
61,61,0.28574568033218384,0.4061015248298645,0.25158071517944336,0.3144759734471639,0.41983264684677124,0.6126035749912262,0.4074540138244629,0.47996341188748676,0.32840192317962646,False,0.1515614887078603,0.008822244860010129,0.29632580777009326,0.35922405570850957,0.30203430315743846,0.338741641134052,1,0.025890722375176256,0.5720421075820923,0.052916545420885086,2026-03-13 10:57:48.315384
62,62,0.38285672664642334,0.2737383246421814,0.2683979868888855,0.3083310127258301,0.5566357374191284,0.3676457405090332,0.45803284645080566,0.46077144145965576,0.3606095314025879,False,0.10016191005706787,0.005956619773324216,0.38856255014737445,0.30591693330652525,0.33161527880463887,0.3624677878888359,3,0.029134454555502565,0.559244692325592,0.04324376955628395,2026-03-13 10:57:48.442586
63,63,0.28244316577911377,0.29691505432128906,0.3183870315551758,0.2992484172185262,0.4158554673194885,0.42665332555770874,0.4003746509552002,0.4142944812774658,0.3316277861595154,False,0.08266669511795044,0.00011631312852244946,0.316001037756602,0.34292342543195464,0.3561724881558879,0.3009040864121574,2,0.022839154822554608,0.7147907614707947,0.014659692533314228,2026-03-13 10:57:48.648615
64,64,0.2732545733451843,0.38681262731552124,0.26418155431747437,0.30808291832606,0.6116726994514465,0.5383380949497223,0.4362744092941284,0.5287617345650991,0.5178592205047607,False,0.010902514060338375,0.005173280037459884,0.42504405975341797,0.32689712319634107,0.3466702670525921,0.32643260975106686,2,0.013336933719258759,0.5282077193260193,0.0300032626837492,2026-03-13 10:57:48.827348
65,65,0.25867319107055664,0.3861464262008667,0.2794102430343628,0.3080766201019287,0.4964612126350403,0.5683434009552002,0.5658950209617615,0.5435665448506674,0.48629432916641235,False,0.057272215684255,0.001110455255671007,0.38455334305763245,0.3275601720388145,0.3067741064545697,0.36566572150661586,3,0.032332388173282545,0.6383535861968994,0.03075462579727173,2026-03-13 10:57:49.159735
66,66,0.2602161765098572,0.3655681610107422,0.28655368089675903,0.30411267280578613,0.5129302144050598,0.4600931406021118,0.5009217858314514,0.4913150469462077,0.41305112838745117,False,0.07826391855875653,0.0005114374440143226,0.3829798797766368,0.34654734636560225,0.37338598503702475,0.28006666859737306,2,0.04005265170369143,0.5880792140960693,0.0478091686964035,2026-03-13 10:57:49.381348
67,67,0.3495417833328247,0.30062800645828247,0.2566656470298767,0.30227847894032794,0.6470412015914917,0.4195149540901184,0.5422146022319794,0.5362569193045298,0.531237781047821,False,0.005019138256708744,0.008645779209941374,0.3924007713794708,0.3879000155380298,0.2869515869165458,0.32514839754542435,1,0.05456668220469646,0.6111518144607544,0.015658967196941376,2026-03-13 10:57:49.650003
68,68,0.2763402462005615,0.3953089714050293,0.25538313388824463,0.3090107838312785,0.4017057418823242,0.5954528450965881,0.6130810678005219,0.5367465515931448,0.4516643285751343,False,0.0850822230180105,0.0091698025162936,0.4428849120934804,0.3651425720691914,0.32171476438666385,0.3131426635441448,1,0.03180923873585806,0.5613997578620911,0.014153720811009407,2026-03-13 10:57:49.884675
69,69,0.27434659004211426,0.2684875726699829,0.36463379859924316,0.30248932043711346,0.5512168109416962,0.510760486125946,0.6966373324394226,0.586204876502355,0.5297002792358398,False,0.05650459726651513,0.0063704493650791096,0.40164506435394287,0.34414206735162445,0.3378195413713635,0.31803839127701206,1,0.010808734018291133,0.5287310481071472,0.03639023005962372,2026-03-13 10:57:50.069654
70,70,0.2849063277244568,0.38462620973587036,0.25161391496658325,0.3070488174756368,0.4043492078781128,0.5425645709037781,0.5917165279388428,0.5128767689069113,0.3920983076095581,False,0.12077846129735315,0.0062917682314925895,0.44292232394218445,0.3433761401728252,0.3498911388944302,0.30673272093274456,2,0.016557805561096872,0.5583407878875732,0.03774091973900795,2026-03-13 10:57:50.231867
71,71,0.2911491394042969,0.3960379958152771,0.2434651255607605,0.3102174202601115,0.47525638341903687,0.6037603318691254,0.5255355536937714,0.5348507563273112,0.3362898826599121,False,0.19856087366739905,0.0027955972945957874,0.2727298339207967,0.29682597472046723,0.31582156356881974,0.387352461710713,3,0.05401912837737971,0.6242126822471619,0.052850328385829926,2026-03-13 10:57:50.389262
72,72,0.26519477367401123,0.3753091096878052,0.27132606506347656,0.30394331614176434,0.5104148685932159,0.6135522425174713,0.45208072662353516,0.5253492792447408,0.416312575340271,False,0.10903670390446984,0.004457026718268469,0.33399049441019696,0.3170780521087328,0.31182491352292896,0.3710970343683383,3,0.03776370103500498,0.4568575322628021,0.024062927812337875,2026-03-13 10:57:50.531001
73,73,0.29132598638534546,0.3367080092430115,0.264808714389801,0.2976142366727193,0.610957533121109,0.6243104636669159,0.5622704327106476,0.5991794764995575,0.48815488815307617,False,0.11102458834648132,0.0007108555490660251,0.3048825760682424,0.35642338508940585,0.34972208810675415,0.29385452680384,1,0.023090051756072538,0.5932692885398865,0.026674630120396614,2026-03-13 10:57:50.663404
74,74,0.2779664993286133,0.25314557552337646,0.3886493444442749,0.30658713976542157,0.43131715059280396,0.5361434817314148,0.6234882175922394,0.5303162833054861,0.35009217262268066,False,0.18022411068280542,0.006171931286031156,0.231951043009758,0.31529378804565883,0.3238425548177055,0.36086365713663576,3,0.027530323803302448,0.6123888492584229,0.028930922970175743,2026-03-13 10:57:50.874445
75,75,0.2762638330459595,0.32899028062820435,0.28309953212738037,0.2961178819338481,0.4636484980583191,0.5033941268920898,0.40772300958633423,0.45825521151224774,0.3035013675689697,False,0.154753843943278,0.0015400375509726256,0.21850929409265518,0.3511641427463368,0.3195052544763206,0.32933060277734255,1,0.017830809413003468,0.7080685496330261,0.040005769580602646,2026-03-13 10:57:50.985163
76,76,0.2787362337112427,0.3768826723098755,0.2561120390892029,0.3039103150367737,0.5921850204467773,0.5830807089805603,0.4468388557434082,0.5407015283902487,0.5362478494644165,False,0.00445367892583215,0.004418915406082944,0.3780311147371928,0.3007751593624211,0.38312815710351994,0.3160966835340589,2,0.049794823770186625,0.5739946961402893,0.029534121975302696,2026-03-13 10:57:51.099056
77,77,0.3590264320373535,0.29990899562835693,0.24681997299194336,0.3019184668858846,0.5405144691467285,0.5533210337162018,0.6108410060405731,0.5682255029678345,0.4984222650527954,False,0.06980323791503906,0.0009353752337499799,0.32828064759572345,0.3652934525645634,0.28538727632835936,0.3493192711070773,1,0.0319601192312301,0.6813359260559082,0.022097168490290642,2026-03-13 10:57:51.234213
78,78,0.28134381771087646,0.38381731510162354,0.25055134296417236,0.30523749192555744,0.3227733373641968,0.541234016418457,0.43832069635391235,0.43410935004552204,0.33830344676971436,False,0.09580590327580768,0.007963045767672679,0.4013366401195526,0.345843966885839,0.30672533052979933,0.3474307025843617,3,0.014097369251028391,0.5533864498138428,0.032088011503219604,2026-03-13 10:57:51.360706
79,79,0.2667505741119385,0.37731754779815674,0.2648596167564392,0.3029759128888448,0.3667372465133667,0.45071208477020264,0.368313193321228,0.3952541748682658,0.2735103368759155,False,0.12174383799235028,0.0015382038200692071,0.4298260410626729,0.3374575691253655,0.3111489281351385,0.35139350273949604,3,0.01806016940616273,0.6301992535591125,0.03180735185742378,2026-03-13 10:57:51.532454
80,80,0.2576652765274048,0.3825477957725525,0.27078384160995483,0.3036656379699707,0.6109354794025421,0.5489771366119385,0.5817290544509888,0.5805472234884897,0.5246172547340393,False,0.05592996875445044,0.0006405044024382849,0.3815581202507019,0.3296516526584521,0.35054923460545956,0.3197991127360883,2,0.017215901272126244,0.5725674629211426,0.01769043318927288,2026-03-13 10:57:51.702790
81,81,0.2503955364227295,0.384942889213562,0.278531551361084,0.3046233256657918,0.525181770324707,0.5760169625282288,0.5423420071601868,0.5478469133377075,0.4834858179092407,False,0.0643610954284668,0.0004458547904064858,0.3764747977256775,0.36882048273018847,0.31260078478311415,0.3185787324866974,1,0.035487149396855155,0.658376932144165,0.02943374402821064,2026-03-13 10:57:51.869259
82,82,0.27996981143951416,0.24836546182632446,0.38773274421691895,0.3053560058275859,0.5420469343662262,0.5175635814666748,0.6474992036819458,0.5690365731716156,0.5116788744926453,False,0.05735769867897034,0.003178097954834295,0.4089635908603668,0.33491416001589563,0.31251103165119165,0.3525748083329128,3,0.01924147499957951,0.5735386610031128,0.02911464311182499,2026-03-13 10:57:52.003487
83,83,0.2896190881729126,0.3418765664100647,0.2587743401527405,0.29675666491190594,0.41061389446258545,0.6203958690166473,0.5497846603393555,0.526931474606196,0.4268830418586731,False,0.10004843274752295,0.007595880190377318,0.3035249213377635,0.3441881248643457,0.30535981777949056,0.35045205735616386,3,0.017118724022830545,0.6180245876312256,0.024415334686636925,2026-03-13 10:57:52.155025
84,84,0.35383838415145874,0.29499346017837524,0.24953311681747437,0.2994549870491028,0.5837860703468323,0.5625723898410797,0.5740846991539001,0.5734810531139374,0.45082545280456543,False,0.12265560030937195,7.518556770413909e-05,0.32522158821423847,0.3393675145005429,0.33867573927705324,0.3219567462224037,1,0.006034181167209607,0.5989171266555786,0.008052046410739422,2026-03-13 10:57:52.345926
85,85,0.3100694417953491,0.2570013999938965,0.31834739446640015,0.29513941208521527,0.42461705207824707,0.4273381233215332,0.3855963349342346,0.4125171701113383,0.2347394824028015,True,0.1777776877085368,0.0003635997214348979,0.24980405966440836,0.37297072468376663,0.31200272268708557,0.31502655262914775,1,0.039637391350433315,0.7032778263092041,0.026273544877767563,2026-03-13 10:57:52.504551
86,86,0.26863229274749756,0.2614175081253052,0.3735663890838623,0.3012053966522217,0.3867608308792114,0.41417598724365234,0.4663715958595276,0.42243613799413043,0.35150837898254395,False,0.07092775901158649,0.0010904273620021678,0.4659522871176402,0.335767257921501,0.3122302390400705,0.35200250303842845,3,0.018669169705095134,0.6211211681365967,0.027909209951758385,2026-03-13 10:57:52.659330
87,87,0.27771854400634766,0.2485758662223816,0.38633251190185547,0.30420897404352826,0.36959487199783325,0.6045275926589966,0.6192699670791626,0.5311308105786642,0.3851308822631836,False,0.1459999283154806,0.013083152660519048,0.3853060205777486,0.39014922067642116,0.32451634683731273,0.28533443248626605,1,0.056815887343087845,0.5759762525558472,0.025754790753126144,2026-03-13 10:57:52.818562
88,88,0.2858351469039917,0.3449289798736572,0.257424533367157,0.2960628867149353,0.44953256845474243,0.6089145541191101,0.581943154335022,0.5467967589696249,0.4920036792755127,False,0.05479307969411218,0.004851404112643188,0.4063543876012166,0.3269770278548782,0.3577285848569963,0.3152943872881255,2,0.02439525152366301,0.6618682146072388,0.027067527174949646,2026-03-13 10:57:53.093618
89,89,0.3963910937309265,0.26778602600097656,0.2516492009162903,0.30527544021606445,0.5345749855041504,0.5440040826797485,0.44495415687561035,0.5078444083531698,0.45365405082702637,False,0.05419035752614343,0.0019924098443798105,0.31373750666777295,0.3314282756529353,0.348362826698278,0.3202088976487867,2,0.01502949336494469,0.6083738207817078,0.05336228385567665,2026-03-13 10:57:53.235720
90,90,0.23969244956970215,0.2797185182571411,0.4052910804748535,0.3082340161005656,0.5222045481204987,0.5089956223964691,0.642591118812561,0.5579304297765096,0.4384346008300781,False,0.11949582894643151,0.0036127954204933214,0.2653198192516963,0.3883146517076686,0.2804296779084568,0.33125567038387466,1,0.054981318374335286,0.5995279550552368,0.035524800419807434,2026-03-13 10:57:53.395645
91,91,0.28325140476226807,0.27828294038772583,0.3110899329185486,0.29087475935618085,0.45905423164367676,0.44208312034606934,0.5010398626327515,0.46739240487416583,0.24632543325424194,True,0.2210669716199239,0.0006140788099205312,0.24871340642372766,0.32193052527630134,0.36340172603713944,0.3146677486865593,2,0.030068392703806124,0.6395624876022339,0.0450453907251358,2026-03-13 10:57:53.573252
92,92,0.323665976524353,0.25352972745895386,0.3028671145439148,0.2933542728424072,0.42190468311309814,0.34022223949432373,0.4432942867279053,0.4018070697784424,0.28241634368896484,False,0.11939072608947754,0.0019725981843616105,0.22948008279005686,0.353755940520738,0.35939098010003284,0.28685307937922916,2,0.026057646766699527,0.6983141303062439,0.027058737352490425,2026-03-13 10:57:53.731390
93,93,0.3562898635864258,0.2888745069503784,0.24761426448822021,0.2975928783416748,0.7071057558059692,0.3660796284675598,0.4881622791290283,0.5204492211341858,0.4310358166694641,False,0.08941340446472168,0.01990435989992771,0.366556853055954,0.3160079136520924,0.3288979985873255,0.35509408776058204,3,0.02176075442724873,0.6968908309936523,0.018975501880049706,2026-03-13 10:57:53.876591
94,94,0.26557886600494385,0.30740952491760254,0.29800617694854736,0.29033152262369794,0.44309449195861816,0.6228691637516022,0.40254688262939453,0.48950351277987164,0.34582602977752686,False,0.14367748300234479,0.009167216533275952,0.19077439606189728,0.3896722182474895,0.3029137111656079,0.30741407058690257,1,0.05633888491415617,0.6908960342407227,0.02829420194029808,2026-03-13 10:57:54.051519
95,95,0.38551366329193115,0.24566614627838135,0.2753024101257324,0.30216073989868164,0.5081882476806641,0.4581892490386963,0.5463434457778931,0.5042403141657511,0.4156612157821655,False,0.08857909838358557,0.0013029868233079215,0.35099007685979206,0.31530031596052777,0.2987367651529815,0.3859629188864908,3,0.0526295855531575,0.6292752027511597,0.0406465157866478,2026-03-13 10:57:54.183034
96,96,0.38493120670318604,0.24502599239349365,0.2729959487915039,0.30098438262939453,0.4719136953353882,0.5091625154018402,0.6326262950897217,0.53790083527565,0.40789932012557983,False,0.1300015151500702,0.004717702134550805,0.3692598193883896,0.33422246641100056,0.3358943182880469,0.32988321530095266,2,0.0025609849547135743,0.6246030330657959,0.04110470786690712,2026-03-13 10:57:54.336329
97,97,0.26260876655578613,0.31441730260849,0.28943198919296265,0.2888193527857463,0.31573760509490967,0.5818449258804321,0.38826823234558105,0.4286169211069743,0.33907562494277954,False,0.08954129616419476,0.01261619270499005,0.3058915336926778,0.32907568606400506,0.37716342379177303,0.2937608901442219,2,0.04383009045843972,0.6708461046218872,0.01959439367055893,2026-03-13 10:57:54.515498
98,98,0.2787749767303467,0.3438919186592102,0.2548409700393677,0.29250262180964154,0.5416989326477051,0.7183925211429596,0.484283447265625,0.5814583003520966,0.4734504818916321,False,0.10800781846046448,0.009924913405410388,0.3862714072068532,0.35710175179323256,0.2833602524895019,0.35953799571726547,3,0.026204662383932154,0.6477834582328796,0.028931118547916412,2026-03-13 10:57:54.625514
99,99,0.2608627676963806,0.29066407680511475,0.31333279609680176,0.28828654686609906,0.4007835388183594,0.39750778675079346,0.4381776452064514,0.4121563235918681,0.2938416600227356,False,0.1183146635691325,0.000340343014552818,0.3568978508313497,0.3116934411358876,0.3649916450101668,0.3233149138539458,2,0.03165831167683347,0.7339327931404114,0.01923738233745098,2026-03-13 10:57:54.740051
100,100,0.25952374935150146,0.25807154178619385,0.3738299608230591,0.2971417506535848,0.5246871113777161,0.47147130966186523,0.5786601901054382,0.5249395370483398,0.4614771604537964,False,0.06346237659454346,0.0019149412078173593,0.36776529749234516,0.35690207710372734,0.2936838639139052,0.34941405898236744,1,0.02356874377039403,0.5737745761871338,0.030509041622281075,2026-03-13 10:57:54.902752
101,101,0.25529247522354126,0.2598379850387573,0.37901949882507324,0.2980499863624573,0.4417443871498108,0.4770694375038147,0.5668903589248657,0.49523472785949707,0.43123459815979004,False,0.06400012969970703,0.002775241262106931,0.3595745066801707,0.29742296883143265,0.3624539699920457,0.3401230611765216,2,0.029120636658712395,0.5495291948318481,0.026286475360393524,2026-03-13 10:57:55.020409
102,102,0.24667036533355713,0.26754409074783325,0.3828275203704834,0.2990139921506246,0.4505819082260132,0.5538844168186188,0.5860605239868164,0.5301756163438162,0.4692237377166748,False,0.060951878627141354,0.0033401294980542275,0.37733879685401917,0.31038800766059493,0.3156308232383245,0.3739811691010806,3,0.040647835767747276,0.5946144461631775,0.023432457819581032,2026-03-13 10:57:55.136189
103,103,0.2607142925262451,0.2861291170120239,0.3167186975479126,0.28785403569539386,0.5027895569801331,0.5316096544265747,0.39868348836898804,0.47769423325856525,0.3362213373184204,False,0.14147289594014484,0.0032597819068066595,0.27968194087346393,0.34301548736459003,0.29645872836466985,0.36052578427074017,3,0.027192450937406853,0.6468096971511841,0.022429747506976128,2026-03-13 10:57:55.282470
104,104,0.26246190071105957,0.39978182315826416,0.24536752700805664,0.30253708362579346,0.3414757251739502,0.56230229139328,0.4324836730957031,0.4454205632209778,0.3350919485092163,False,0.11032861471176147,0.008211076954426725,0.37425460418065387,0.3327399921814768,0.3261309130515565,0.3411290947669667,3,0.007795761433633364,0.48354795575141907,0.0244789719581604,2026-03-13 10:57:55.399287
105,105,0.28053510189056396,0.35336607694625854,0.2462717890739441,0.29339098930358887,0.4819437265396118,0.628427267074585,0.5524488091468811,0.554273267587026,0.4763714075088501,False,0.0779018600781759,0.0035779022655767615,0.291901595890522,0.32672843215228037,0.3710147175443761,0.3022568503033435,2,0.03768138421104278,0.6603975296020508,0.03217772766947746,2026-03-13 10:57:55.527144
106,106,0.2913110852241516,0.26829463243484497,0.29787588119506836,0.28582719961802167,0.5030194520950317,0.426552414894104,0.4033818244934082,0.44431789716084796,0.26822495460510254,False,0.17609294255574542,0.0018124156524316325,0.31175129612286884,0.28355881166620284,0.3507895168024827,0.36565167153131456,3,0.032318338197981245,0.7007136940956116,0.019869817420840263,2026-03-13 10:57:55.652951
107,107,0.4037454128265381,0.24708795547485352,0.257871150970459,0.3029015064239502,0.5366922616958618,0.4204235076904297,0.5217833518981934,0.49296637376149494,0.3833562135696411,False,0.10961016019185382,0.0026682796407947584,0.30534552534421283,0.34965227358907647,0.3057542873888416,0.344593439022082,1,0.016318940255743153,0.7152929902076721,0.02091607078909874,2026-03-13 10:57:55.805195
108,108,0.2591635584831238,0.3924696445465088,0.24893295764923096,0.30018872022628784,0.5545918643474579,0.49559444189071655,0.6033827364444733,0.5511896808942159,0.5467608869075775,False,0.004428793986638424,0.0019421734999259933,0.4514787991841634,0.34789784832620935,0.33079382259603735,0.32130832907775325,1,0.014564514992876032,0.5761626958847046,0.00886322557926178,2026-03-13 10:57:55.970419
109,109,0.25174951553344727,0.2620900869369507,0.37482571601867676,0.2962217728296916,0.5376613438129425,0.4577956795692444,0.5301381945610046,0.5085317393143972,0.41116321086883545,False,0.09736852844556176,0.0012965068416763458,0.3246760865052541,0.3506895700291069,0.3137024056042294,0.33560802436666365,1,0.017356236695773575,0.5647510886192322,0.03175661340355873,2026-03-13 10:57:56.108062
110,110,0.38260388374328613,0.26297318935394287,0.2483578324317932,0.2979783018430074,0.5707683563232422,0.371107816696167,0.4905405640602112,0.4774722456932068,0.4048927426338196,False,0.07257950305938721,0.006729445653166503,0.42668237288792926,0.36161714129423717,0.3380847956095813,0.3002980630961815,1,0.02828380796090385,0.5916666984558105,0.027284055948257446,2026-03-13 10:57:56.319441
111,111,0.34758222103118896,0.2762773633003235,0.2498633861541748,0.29124099016189575,0.5499243140220642,0.6363680064678192,0.5180880129337311,0.5681267778078715,0.6384125351905823,False,-0.07028575738271081,0.0024973576556741347,0.4163806239763896,0.33043906897940906,0.3359682803275321,0.3335926506930588,2,0.0026349469941988057,0.627981424331665,0.031227465718984604,2026-03-13 10:57:56.472684
112,112,0.3406764268875122,0.2748105525970459,0.252399206161499,0.28929539521535236,0.503056526184082,0.46128761768341064,0.5885944068431854,0.5176461835702261,0.4425241947174072,False,0.07512198885281884,0.002807598812351091,0.3407500783602397,0.3562985452802548,0.3137771454291267,0.32992430929061844,1,0.02296521194692147,0.5761367082595825,0.013309728354215622,2026-03-13 10:57:56.661398
113,113,0.2881990671157837,0.3669930696487427,0.23293644189834595,0.29604285955429077,0.4563485383987427,0.6043292284011841,0.6504873335361481,0.5703883667786916,0.48809564113616943,False,0.08229272564252221,0.006857636340072502,0.3476205070813497,0.34712466446905627,0.2997769598828915,0.35309837564805213,3,0.019765042314718817,0.5752585530281067,0.012506111524999142,2026-03-13 10:57:56.961246
114,114,0.253933310508728,0.2582777738571167,0.37058985233306885,0.2942669788996379,0.5631533861160278,0.41490304470062256,0.601866215467453,0.5266408820947012,0.4049959182739258,False,0.12164496382077539,0.0064924526788182,0.2863795558611552,0.3575288323633888,0.3080350135338231,0.33443615410278804,1,0.024195499030055467,0.5747802257537842,0.03261337801814079,2026-03-13 10:57:57.327096
115,115,0.25681644678115845,0.28129124641418457,0.31949007511138916,0.2858659227689107,0.41597771644592285,0.5807525515556335,0.3846759796142578,0.4604687492052714,0.3688749670982361,False,0.09159378210703534,0.0073973963420436275,0.2422870546579361,0.3443017501100467,0.31118528433190307,0.3445129655580502,3,0.011179632224716907,0.6851125955581665,0.03781595453619957,2026-03-13 10:57:57.752938
116,116,0.2526242136955261,0.39900845289230347,0.2489316463470459,0.3001881043116252,0.5088071823120117,0.5831241011619568,0.33623117208480835,0.4760541518529256,0.35613805055618286,False,0.11991610129674274,0.01069573357350922,0.3888760308424632,0.29718176876367525,0.37996848505252123,0.3228497461838034,2,0.04663515171918792,0.632616400718689,0.014509964734315872,2026-03-13 10:57:58.010582
117,117,0.2673708200454712,0.24942916631698608,0.35692936182022095,0.29124311606089276,0.4133955240249634,0.6031285524368286,0.4281306266784668,0.4815515677134196,0.29711490869522095,False,0.18443665901819867,0.007426668815586229,0.1950030972560247,0.39437025481338345,0.30651112351831383,0.2991186216683027,1,0.06103692148005013,0.6351191997528076,0.025421638041734695,2026-03-13 10:57:58.258570
118,118,0.26528429985046387,0.3933018445968628,0.2389025092124939,0.2991628845532735,0.39860087633132935,0.5651761293411255,0.48326796293258667,0.48234832286834717,0.3886585831642151,False,0.09368973970413208,0.004624975354803477,0.3730127563079198,0.3495488056205486,0.3243397262675913,0.32611146811186015,1,0.01621547228721526,0.5301506519317627,0.01982145570218563,2026-03-13 10:57:58.534053
119,119,0.25776147842407227,0.3919011354446411,0.2454007863998413,0.2983544667561849,0.4166055917739868,0.539894163608551,0.3964887857437134,0.45099618037541706,0.32111865282058716,False,0.1298775275548299,0.004018873358935891,0.44747711221377057,0.351994437380905,0.3305623304891757,0.31744323212991926,1,0.018661104047571708,0.6479635834693909,0.01626850850880146,2026-03-13 10:57:58.773583
120,120,0.4041084051132202,0.24425089359283447,0.25338268280029297,0.3005806605021159,0.5867469012737274,0.3877021074295044,0.4416937232017517,0.4720475773016612,0.423126757144928,False,0.048920820156733213,0.007063816555440836,0.3787232041358948,0.3448666079624772,0.3108152655770588,0.344318126460464,1,0.011533274629143886,0.7017360329627991,0.020175546407699585,2026-03-13 10:57:59.014948
121,121,0.3718576431274414,0.2476794719696045,0.25992661714553833,0.29315457741419476,0.40249520540237427,0.40197813510894775,0.4996272325515747,0.4347001910209656,0.3350571393966675,False,0.0996430516242981,0.002107804921240112,0.416826993227005,0.39257248143542633,0.30141130547492495,0.30601621308964866,1,0.05923914810209302,0.6194923520088196,0.023890454322099686,2026-03-13 10:57:59.287898
122,122,0.2536919116973877,0.3213660717010498,0.2788209915161133,0.2846263249715169,0.4959929585456848,0.45153599977493286,0.4964650869369507,0.48133134841918945,0.38524508476257324,False,0.09608626365661621,0.00044391855128604146,0.2942754924297333,0.3247511608973583,0.33374611491398914,0.3415027241886526,3,0.008169390855319258,0.7294226884841919,0.03326684236526489,2026-03-13 10:57:59.690993
123,123,0.264305055141449,0.2361769676208496,0.3964834213256836,0.2989884813626607,0.3566232919692993,0.4136878252029419,0.4711146354675293,0.41380858421325684,0.4135585427284241,False,0.00025004148483276367,0.0021847185807075675,0.5869539777437845,0.3637797857623727,0.3281036644156059,0.30811654982202147,1,0.030446452429039372,0.6351692080497742,0.025063546374440193,2026-03-13 10:57:59.877254
124,124,0.250904381275177,0.2910621166229248,0.30763667821884155,0.28320105870564777,0.4039040803909302,0.366993248462677,0.4348186254501343,0.40190531810124713,0.3159780502319336,False,0.08592726786931354,0.0007687111525937793,0.45525848865509033,0.3264943272804681,0.3560782694215332,0.31742740329799873,2,0.022744936088199885,0.680652916431427,0.025701843202114105,2026-03-13 10:58:00.081635
125,125,0.2518036961555481,0.2812795639038086,0.31789982318878174,0.28366102774937946,0.4583258628845215,0.4576043486595154,0.42117077112197876,0.44570032755533856,0.35470497608184814,False,0.09099535147349042,0.0003009363332048388,0.4331859350204468,0.34499573926824095,0.282637006370833,0.372367254360926,3,0.03903392102759268,0.7104350328445435,0.04058128222823143,2026-03-13 10:58:00.245353
126,126,0.25777339935302734,0.375921368598938,0.24589776992797852,0.29319751262664795,0.4034256935119629,0.6418948173522949,0.4681171178817749,0.5044792095820109,0.36149829626083374,False,0.14298091332117713,0.010139021360604123,0.3663712739944458,0.36010749122221664,0.30963591103356386,0.3302565977442195,1,0.02677415788888332,0.5503458380699158,0.04184475168585777,2026-03-13 10:58:00.463680
127,127,0.23937886953353882,0.4003599286079407,0.2569047212600708,0.2988811731338501,0.4370771646499634,0.4480767250061035,0.57439985871315,0.4865179161230723,0.47284626960754395,False,0.01367164651552838,0.0038817829713742526,0.2919753094514211,0.2981928693524152,0.30864829817065703,0.39315883247692773,3,0.05982549914359442,0.6642356514930725,0.03372088447213173,2026-03-13 10:58:00.621423
128,128,0.25683462619781494,0.2828911542892456,0.30515557527542114,0.2816271185874939,0.3849397897720337,0.503190279006958,0.39441967010498047,0.4275165796279907,0.36283814907073975,False,0.06467843055725098,0.002878232410703655,0.3708195686340332,0.33756789159645456,0.36140085450758486,0.30103125389596064,2,0.028067521174251542,0.6640814542770386,0.017507193610072136,2026-03-13 10:58:00.750882
129,129,0.23619621992111206,0.3905435800552368,0.2623966336250305,0.2963788112004598,0.4737371802330017,0.5348878800868988,0.5092906355857849,0.5059718986352285,0.44034862518310547,False,0.06562327345212304,0.0006287416895770627,0.45098140835762024,0.3549552784279001,0.30613130019011664,0.33891342138198327,1,0.021621945094566775,0.6554420590400696,0.031061669811606407,2026-03-13 10:58:00.861365
130,130,0.27716195583343506,0.3653043508529663,0.23259758949279785,0.2916879653930664,0.6028437316417694,0.5855551660060883,0.5365362167358398,0.5749783714612325,0.5398730039596558,False,0.03510536750157678,0.0007887153802553906,0.38570113976796466,0.30887734874308176,0.3345335539303326,0.3565890973265856,3,0.0232557639932523,0.6524426937103271,0.025533225387334824,2026-03-13 10:58:00.957895
131,131,0.24477636814117432,0.37816178798675537,0.25534236431121826,0.292760173479716,0.5181043744087219,0.5701377987861633,0.6074083149433136,0.5652168293793997,0.4654043912887573,False,0.09981243809064233,0.0013413069357854667,0.3476305256287257,0.3131604164512321,0.37741348006855796,0.3094261034802098,2,0.044080146735224646,0.5554482340812683,0.024664180353283882,2026-03-13 10:58:01.107423
132,132,0.2758079767227173,0.27034640312194824,0.2915921211242676,0.27924883365631104,0.48148995637893677,0.47742825746536255,0.6022781431674957,0.5203987856705984,0.41045302152633667,False,0.10994576414426172,0.0033548641583964513,0.3133622209231059,0.3850855078836467,0.26354780891992263,0.3513666831964307,1,0.05175217455031339,0.7002066373825073,0.02805819734930992,2026-03-13 10:58:01.255611
133,133,0.39386606216430664,0.2515254616737366,0.2433565855026245,0.2962493697802226,0.5145067870616913,0.5849880278110504,0.5919356942176819,0.5638101696968079,0.49122893810272217,False,0.0725812315940857,0.0012234567810486634,0.4479956229527791,0.35595398923486776,0.3200786508458212,0.3239673599193111,1,0.022620655901534448,0.5734989643096924,0.00860804133117199,2026-03-13 10:58:01.402571
134,134,0.3458782434463501,0.2663784623146057,0.24643391370773315,0.286230206489563,0.5950908064842224,0.48245513439178467,0.552948534488678,0.543498158454895,0.5119031071662903,False,0.031595051288604736,0.0021591205748758093,0.4024641513824463,0.3520580107346659,0.34022524157403194,0.3077167476913021,1,0.0187246774013326,0.6495223641395569,0.02331148087978363,2026-03-13 10:58:01.544390
135,135,0.2746785879135132,0.24035042524337769,0.34464722871780396,0.28655874729156494,0.370347261428833,0.4002951383590698,0.45455271005630493,0.4083983699480693,0.2210748791694641,True,0.18732349077860516,0.0012145907775181145,0.2271250238021215,0.35871169450256724,0.3207099836212894,0.3205783218761435,1,0.02537836116923392,0.6699320077896118,0.036979809403419495,2026-03-13 10:58:01.678613
136,136,0.24906015396118164,0.3227410316467285,0.274971067905426,0.28225741783777875,0.40865612030029297,0.4400268793106079,0.47353994846343994,0.44074098269144696,0.3602534532546997,False,0.08048752943674725,0.000701906831336727,0.41254858175913495,0.34333127009550296,0.3107591271080239,0.3459096027964732,3,0.012576269463139889,0.7017903327941895,0.017556048929691315,2026-03-13 10:58:01.811537
137,137,0.3712656497955322,0.2793996334075928,0.22778856754302979,0.29281795024871826,0.5494842529296875,0.6375996470451355,0.47824859619140625,0.5551108320554098,0.5123816430568695,False,0.04272918899854028,0.004247955431026975,0.4046011467774709,0.33783383898393676,0.32916782955932844,0.3329983314567348,1,0.004500505650603448,0.6949723958969116,0.02700229175388813,2026-03-13 10:58:01.984839
138,138,0.39979106187820435,0.25581079721450806,0.23644733428955078,0.2973497311274211,0.580755352973938,0.5403774976730347,0.35085487365722656,0.4906625747680664,0.4236801862716675,False,0.06698238849639893,0.010044825178065745,0.2890412410100301,0.33703696616146367,0.378209205115722,0.2847538287228143,2,0.044875871782388665,0.7109853625297546,0.021012606099247932,2026-03-13 10:58:02.147753
139,139,0.27072614431381226,0.3521042466163635,0.2388615608215332,0.287230650583903,0.5588493347167969,0.6008829176425934,0.6259621977806091,0.5952314833799998,0.5367492735385895,False,0.05848220984141028,0.0007666587527158775,0.3342669904232025,0.35827631737926185,0.30456317292136237,0.33716050969937583,1,0.02494298404592854,0.5685638189315796,0.017718607559800148,2026-03-13 10:58:02.296560
140,140,0.27123957872390747,0.2285759449005127,0.38519924879074097,0.295004924138387,0.3403187394142151,0.45978879928588867,0.5085635185241699,0.43622368574142456,0.36375951766967773,False,0.07246416807174683,0.004995374904474659,0.42237470547358197,0.30812299277019733,0.3311495170971682,0.36072749013263444,3,0.027394156799301128,0.5682561993598938,0.015553171746432781,2026-03-13 10:58:02.450943
141,141,0.2595473527908325,0.24237239360809326,0.36522042751312256,0.28904672463734943,0.5316247344017029,0.4743998050689697,0.5610866546630859,0.5223703980445862,0.4702915549278259,False,0.052078843116760254,0.0012952563527974803,0.35421958565711975,0.2775202156329596,0.32627856287624174,0.3962012214907987,3,0.06286788815746541,0.5267123579978943,0.016950197517871857,2026-03-13 10:58:02.628102
142,142,0.2555338144302368,0.261020302772522,0.3298667073249817,0.28214027484258014,0.504531741142273,0.4614792466163635,0.47250616550445557,0.479505717754364,0.2960793972015381,False,0.18342632055282593,0.00033341641333350935,0.1902660330136617,0.3780544222769671,0.3020612019138338,0.31988437580919904,1,0.0447210889436338,0.6257738471031189,0.0425882488489151,2026-03-13 10:58:02.796449
143,143,0.24049639701843262,0.3879814147949219,0.2532171607017517,0.2938983241717021,0.4046121835708618,0.5619450807571411,0.34762483835220337,0.4380607008934021,0.3653942346572876,False,0.0726664662361145,0.008214929372956684,0.407855490843455,0.3454512975520872,0.3723135308422304,0.2822351716056824,2,0.038980197508897085,0.6469658017158508,0.03125886991620064,2026-03-13 10:58:02.961951
144,144,0.23484748601913452,0.3978426456451416,0.25684982538223267,0.29651331901550293,0.5378960371017456,0.5185054838657379,0.6432979702949524,0.5665664970874786,0.49188101291656494,False,0.0746854841709137,0.0030065250827610393,0.29932446281115216,0.3692776872992218,0.3279073486610473,0.3028149640397308,1,0.035944353965888465,0.6454622745513916,0.031132426112890244,2026-03-13 10:58:03.181028
145,145,0.2339620590209961,0.3967887759208679,0.25739991664886475,0.2960502505302429,0.4368041157722473,0.47140640020370483,0.5952131152153015,0.5011412103970846,0.45846593379974365,False,0.04267527659734094,0.004624314652709751,0.3411177297433217,0.3159962032615483,0.3114259630744179,0.3725778336640338,3,0.03924450033070048,0.6555745005607605,0.02648910880088806,2026-03-13 10:58:03.389486
146,146,0.24503839015960693,0.3085818290710449,0.2869725227355957,0.28019758065541583,0.46774494647979736,0.42826688289642334,0.3745826482772827,0.4235314925511678,0.3294675350189209,False,0.09406395753224689,0.0014577475952566802,0.21031187971433005,0.3222594929811074,0.32735049678035666,0.35039001023853594,3,0.017056676905202628,0.757196843624115,0.028660770505666733,2026-03-13 10:58:03.551317
147,147,0.23243939876556396,0.33753013610839844,0.28581535816192627,0.2852616310119629,0.5032591819763184,0.43526357412338257,0.41226649284362793,0.4502630829811096,0.4003702998161316,False,0.04989278316497803,0.001492437545586256,0.5458997587362925,0.3354665166563937,0.3486147291219447,0.31591875422166166,2,0.015281395788611374,0.5849529504776001,0.0285627618432045,2026-03-13 10:58:03.761443
148,148,0.26858896017074585,0.22838044166564941,0.3839993476867676,0.29365624984105426,0.36328762769699097,0.4402540326118469,0.4651763439178467,0.42290600140889484,0.37426823377609253,False,0.04863776763280231,0.0018806955088316434,0.3855407238006592,0.3844541645390792,0.3171696531618561,0.2983761822990647,1,0.0511208312057459,0.5261027216911316,0.021266045048832893,2026-03-13 10:58:03.907851
149,149,0.25339818000793457,0.23490440845489502,0.4029155373573303,0.29707270860671997,0.41086721420288086,0.43601077795028687,0.5635923147201538,0.47015676895777386,0.36789941787719727,False,0.1022573510805766,0.004470467072276879,0.27440247933069867,0.3471520451177984,0.32006984809858385,0.3327781067836177,1,0.013818711784465088,0.5885055065155029,0.025791794061660767,2026-03-13 10:58:04.054211
150,150,0.27546870708465576,0.3647630214691162,0.22865158319473267,0.2896277705828349,0.5860057473182678,0.5378957688808441,0.4025660753250122,0.5088225305080414,0.4517819881439209,False,0.05704054236412048,0.0060309788049064394,0.4194332758585612,0.30907937438585864,0.35779162636381734,0.3331289992503239,2,0.024458293030484024,0.6027299165725708,0.008463372476398945,2026-03-13 10:58:04.183255
151,151,0.30239248275756836,0.2438732385635376,0.2915579080581665,0.27927454312642414,0.5122452974319458,0.30810630321502686,0.3495074510574341,0.38995301723480225,0.2907635569572449,False,0.09918946027755737,0.007763376738353145,0.4264286160469055,0.34990640829221153,0.3062714328169231,0.3438221588908654,1,0.01657307495887822,0.6480810642242432,0.03349894657731056,2026-03-13 10:58:04.326244
152,152,0.3817380666732788,0.2571004629135132,0.23628193140029907,0.29170682032903034,0.4798194169998169,0.31675803661346436,0.5050729811191559,0.4338834782441457,0.31105804443359375,False,0.12282543381055194,0.006965474955379333,0.3755982021490733,0.36743380879086274,0.32732586188214313,0.3052403293269943,1,0.03410047545752942,0.6207149028778076,0.02346440590918064,2026-03-13 10:58:04.482598
153,153,0.40128427743911743,0.23592543601989746,0.2515023946762085,0.2962373693784078,0.4993603229522705,0.6315893828868866,0.47775524854660034,0.5362349847952524,0.5391391813755035,False,-0.002904196580251095,0.004624027157721341,0.4758489429950714,0.3210668463388361,0.3610021569211365,0.3179309967400274,2,0.027668823587803204,0.6466984152793884,0.022947458550333977,2026-03-13 10:58:04.637758
154,154,0.3785712718963623,0.2404080629348755,0.25251370668411255,0.29049768050511676,0.5174994766712189,0.4832162857055664,0.8528683930635452,0.6178613851467768,0.3599352240562439,True,0.2579261610905329,0.02781003641546059,0.18867246309916177,0.3810879098021708,0.4173174638516451,0.20159462634618405,2,0.08398413051831177,0.5330463647842407,0.02741401642560959,2026-03-13 10:58:04.795277
155,155,0.26694363355636597,0.25330042839050293,0.3144087791442871,0.278217613697052,0.49845242500305176,0.4799760580062866,0.48260658979415894,0.4870116909344991,0.371535062789917,False,0.1154766281445821,6.65984809281718e-05,0.27667469282944995,0.35698752907003156,0.3549057714255594,0.2881066995044091,1,0.023654195736698247,0.642023503780365,0.03421701490879059,2026-03-13 10:58:04.943139
156,156,0.27030515670776367,0.27720004320144653,0.2784726023674011,0.2753259340922038,0.4390840530395508,0.4135773777961731,0.3371275067329407,0.3965963125228882,0.20158720016479492,True,0.19500911235809326,0.0018767011780364367,0.2565326790014903,0.34423112510128157,0.32691091338973527,0.32885796150898317,1,0.01089779176794825,0.7415855526924133,0.0349893756210804,2026-03-13 10:58:05.081047
157,157,0.30444538593292236,0.2308293581008911,0.30961906909942627,0.28163127104441327,0.43405628204345703,0.4560546875,0.4231628179550171,0.437757929166158,0.23910140991210938,True,0.19865651925404865,0.00018716360940452937,0.26209165652592975,0.34974297634212115,0.32606250771069445,0.3241945159471844,1,0.016409643008787833,0.6766345500946045,0.023716650903224945,2026-03-13 10:58:05.243389
158,158,0.27610230445861816,0.23397457599639893,0.3397054672241211,0.2832607825597127,0.3611355423927307,0.47980797290802,0.4754669666290283,0.438803493976593,0.21554017066955566,True,0.22326332330703735,0.003019296074202297,0.18723760296901068,0.35830293809309416,0.3112206399820759,0.33047642192483,1,0.024969604759760844,0.7163985371589661,0.043856166303157806,2026-03-13 10:58:05.386282
159,159,0.265529990196228,0.3518993854522705,0.23636996746063232,0.28459978103637695,0.49938279390335083,0.6422111392021179,0.5071457624435425,0.549579898516337,0.45851045846939087,False,0.09106944004694617,0.004300317322252865,0.4119444290796916,0.3273052838160512,0.2860641179998399,0.386630598184109,3,0.05329726485077568,0.6236965656280518,0.013223866932094097,2026-03-13 10:58:05.540615
160,160,0.31295883655548096,0.23008614778518677,0.300693154335022,0.2812460462252299,0.4115408658981323,0.4450768828392029,0.43036144971847534,0.42899306615193683,0.3431931734085083,False,0.08579989274342853,0.00018838030883788152,0.24153624971707663,0.3626602587807733,0.34040495012229044,0.2969347910969363,1,0.029326925447439978,0.7207557559013367,0.02379579097032547,2026-03-13 10:58:05.712388
161,161,0.3123384118080139,0.22943854331970215,0.3009539842605591,0.28091031312942505,0.4519578218460083,0.37922006845474243,0.3454214334487915,0.3921997745831807,0.24510276317596436,False,0.14709701140721637,0.0019759033943774146,0.3434407363335292,0.3313468668921302,0.33624414086293974,0.3324089922449301,2,0.0029108075296064295,0.6597964763641357,0.027801845222711563,2026-03-13 10:58:05.878641
162,162,0.37139350175857544,0.2761707305908203,0.22238266468048096,0.2899822990099589,0.5955546200275421,0.5628838539123535,0.4730408787727356,0.5438264509042104,0.465633749961853,False,0.07819270094235742,0.0026831951040823376,0.2946443259716034,0.34508304341091084,0.33458634789510017,0.320330608693989,1,0.011749710077577524,0.6966824531555176,0.020595848560333252,2026-03-13 10:58:06.043688
163,163,0.23613446950912476,0.38876909017562866,0.2499866485595703,0.2916300694147746,0.46172940731048584,0.5652879774570465,0.3296930193901062,0.4522368013858795,0.36210912466049194,False,0.09012767672538757,0.00929588549471383,0.4341266651948293,0.3554056895127509,0.31585440113531615,0.328739909351933,1,0.022072356179417607,0.6340038776397705,0.013936660252511501,2026-03-13 10:58:06.208049
164,164,0.2458796501159668,0.2573445439338684,0.337597131729126,0.28027377525965375,0.631392776966095,0.6058365106582642,0.3986283540725708,0.5452858805656433,0.3524301052093506,False,0.19285577535629272,0.01086306882979926,0.18663450703024864,0.31262675031847326,0.32121506359380086,0.36615818608772593,3,0.03282485275439262,0.6512548923492432,0.018228555098176003,2026-03-13 10:58:06.402354
165,165,0.2746462821960449,0.23172247409820557,0.3399137258529663,0.28209416071573895,0.3921840190887451,0.46914201974868774,0.49711859226226807,0.45281487703323364,0.32045960426330566,False,0.13235527276992798,0.001968498569143643,0.17738456527392069,0.37682632445799,0.3279426757135755,0.2952309998284344,1,0.04349299112465671,0.6664383411407471,0.02781933918595314,2026-03-13 10:58:06.598266
166,166,0.25099480152130127,0.23348188400268555,0.3919711112976074,0.29214926560719806,0.5497441291809082,0.4417123794555664,0.45324838161468506,0.48156829675038654,0.4507409334182739,False,0.03082736333211261,0.002346151954766482,0.4686400393644969,0.34384935358057167,0.3193136829465332,0.33683696347289516,1,0.010516020247238356,0.651837170124054,0.014204619452357292,2026-03-13 10:58:06.796307
167,167,0.24908310174942017,0.2981894016265869,0.27800440788269043,0.27509230375289917,0.4205501675605774,0.48218297958374023,0.5280368626117706,0.47692333658536273,0.3249756097793579,False,0.15194772680600482,0.0019393968577398918,0.16694665451844534,0.32399575053842444,0.3531178842602605,0.32288636520131514,2,0.019784550926927158,0.7826940417289734,0.03070114366710186,2026-03-13 10:58:07.017234
168,168,0.2575761675834656,0.2743891477584839,0.2897995114326477,0.2739216089248657,0.545021116733551,0.5025477707386017,0.4328168034553528,0.49346189697583515,0.22299635410308838,True,0.27046554287274677,0.002139577870721807,0.09476673913498719,0.3601428967041956,0.3010230413278631,0.3388340619679413,1,0.026809563370862266,0.7528581619262695,0.05388110876083374,2026-03-13 10:58:07.182026
169,169,0.2418786883354187,0.2683653235435486,0.32451146841049194,0.2782518267631531,0.33789968490600586,0.4882643222808838,0.4710026979446411,0.43238890171051025,0.379278302192688,False,0.053110599517822266,0.004513766658618579,0.36767934759457904,0.3157514232018898,0.3285731097831434,0.3556754670149668,3,0.022342133681633458,0.6581085324287415,0.028427325189113617,2026-03-13 10:58:07.350130
170,170,0.410819411277771,0.23486638069152832,0.24388372898101807,0.2965231736501058,0.468566358089447,0.6151068806648254,0.5991739630699158,0.5609490672747294,0.44537490606307983,False,0.11557416121164954,0.004309592122053926,0.3246099849541982,0.36374316653164207,0.2995075875217699,0.33674924594658806,1,0.030409833198308756,0.6845985054969788,0.016021879389882088,2026-03-13 10:58:07.480687
171,171,0.24913710355758667,0.40802085399627686,0.22982901334762573,0.29566232363382977,0.45209914445877075,0.552692323923111,0.45475202798843384,0.48651449879010517,0.37244200706481934,False,0.11407249172528583,0.002190925234837672,0.3971801996231079,0.35711527747644917,0.3225837332622452,0.3203009892613055,1,0.023781944143115852,0.49543821811676025,0.031273454427719116,2026-03-13 10:58:07.638073
172,172,0.29959845542907715,0.24632048606872559,0.2780677080154419,0.27466221650441486,0.5674275457859039,0.4099794626235962,0.38363826274871826,0.45368175705273944,0.3496469259262085,False,0.10403483112653095,0.00658469536240622,0.27907560269037884,0.3508297448545713,0.3516967842325948,0.2974734709128338,2,0.018363450899261502,0.66768878698349,0.02300725318491459,2026-03-13 10:58:07.816054
173,173,0.23205327987670898,0.38836073875427246,0.25068485736846924,0.2903662919998169,0.5545957684516907,0.5394520461559296,0.5612854361534119,0.5517777502536774,0.5009529888629913,False,0.050824761390686035,8.342009974586044e-05,0.48915134867032367,0.3598781630152269,0.340559751321156,0.29956208566361714,1,0.02654482968189359,0.5863234996795654,0.023576639592647552,2026-03-13 10:58:07.989386
174,174,0.2318512201309204,0.37329280376434326,0.25495266914367676,0.2866988976796468,0.5202528834342957,0.5484724342823029,0.4592975378036499,0.5093409518400828,0.3572033643722534,False,0.15213758746782935,0.0013848954858881356,0.317153404156367,0.3303190254775141,0.36099619144405953,0.3086847830784264,2,0.02766285811072622,0.4673163592815399,0.021807946264743805,2026-03-13 10:58:08.180633
175,175,0.2464922070503235,0.34915006160736084,0.2471853494644165,0.28094253937403363,0.6433046758174896,0.4749424457550049,0.3594728708267212,0.4925733307997386,0.3721264600753784,False,0.12044687072436017,0.013582172974449908,0.21135443449020386,0.3246854143692867,0.30564148278886677,0.36967310284184657,3,0.03633976950851325,0.6965758800506592,0.01972206123173237,2026-03-13 10:58:08.358438
176,176,0.28794753551483154,0.26167404651641846,0.26682180166244507,0.272147794564565,0.47623777389526367,0.3669585585594177,0.5571201741695404,0.4667721688747406,0.3130272626876831,False,0.1537449061870575,0.006071705514444285,0.3771614631017049,0.3355080946150682,0.3281115128355245,0.3363803925494073,3,0.0030470592160740106,0.6593952775001526,0.02654239349067211,2026-03-13 10:58:08.576774
177,177,0.26133501529693604,0.41140884160995483,0.21867012977600098,0.29713799556096393,0.48274028301239014,0.5283575654029846,0.5344077944755554,0.5151685476303101,0.3708491325378418,False,0.14431941509246826,0.0005318970517033487,0.2962884058554967,0.35582532370302056,0.3435107169288349,0.3006639593681446,1,0.022491990369687243,0.618971586227417,0.040330663323402405,2026-03-13 10:58:08.813003
178,178,0.244762122631073,0.3758680820465088,0.23890042304992676,0.28651020924250287,0.4069945216178894,0.5294755697250366,0.5096253454685211,0.48203181227048236,0.41525018215179443,False,0.06678163011868793,0.0028809693947465186,0.4100700219472249,0.3295204756465436,0.33460283158100135,0.335876692772455,3,0.0025433594391217063,0.5675123929977417,0.04313309118151665,2026-03-13 10:58:09.027740
179,179,0.24271446466445923,0.3804619312286377,0.2394876480102539,0.28755468130111694,0.44808417558670044,0.5153214633464813,0.5852111279964447,0.5162055889765421,0.5132688283920288,False,0.0029367605845133093,0.0031343576852622436,0.500776449839274,0.30208768079204057,0.3721914932908549,0.32572082591710455,2,0.038858159957521565,0.49632808566093445,0.028657861053943634,2026-03-13 10:58:09.272774
180,180,0.25721073150634766,0.23346006870269775,0.35831218957901,0.2829943299293518,0.3712838888168335,0.44573718309402466,0.47843503952026367,0.43181870381037396,0.27077770233154297,False,0.161041001478831,0.002010423548962908,0.2197230358918508,0.3186348026159093,0.3529242579094129,0.3284409394746778,2,0.019590924576079582,0.6296339631080627,0.04724971204996109,2026-03-13 10:58:09.486818
181,181,0.23656797409057617,0.42011570930480957,0.23555457592010498,0.2974127531051636,0.4333714246749878,0.6367602050304413,0.6129329800605774,0.5610215365886688,0.37332308292388916,False,0.18769845366477966,0.008241898310748397,0.23998408019542694,0.36674856005207024,0.29685287414949674,0.336398565798433,1,0.03341522671873692,0.6767752766609192,0.02334403246641159,2026-03-13 10:58:09.620219
182,182,0.23999392986297607,0.3759564161300659,0.242498517036438,0.28614962100982666,0.5310274958610535,0.5367829203605652,0.5093275606632233,0.525712658961614,0.5571937561035156,False,-0.031481097141901615,0.0001397565416522263,0.4363766312599182,0.396559664586818,0.32391229736615645,0.27952803804702553,1,0.0632263312534847,0.516905665397644,0.03944503515958786,2026-03-13 10:58:09.801304
183,183,0.25465822219848633,0.41889500617980957,0.22004562616348267,0.2978662848472595,0.45946335792541504,0.5462363362312317,0.5035511255264282,0.503083606561025,0.3508528470993042,False,0.15223075946172082,0.0012550342476684603,0.35170961419741315,0.3093351053121411,0.3464031212680345,0.34426177341982434,2,0.013069787934701205,0.6324781179428101,0.029459215700626373,2026-03-13 10:58:09.988220
184,184,0.28165507316589355,0.24234402179718018,0.29389989376068115,0.27263299624125165,0.47897112369537354,0.3482184410095215,0.3707871437072754,0.39932556947072345,0.24717676639556885,False,0.1521488030751546,0.0032565982107857707,0.3475087285041809,0.2675991455936415,0.3600566011485805,0.3723442532577781,3,0.039010919924444776,0.6812924742698669,0.02118559740483761,2026-03-13 10:58:10.180377
185,185,0.27243828773498535,0.26826441287994385,0.268588662147522,0.2697637875874837,0.41566377878189087,0.41437941789627075,0.4811169505119324,0.437053382396698,0.3322153091430664,False,0.10483807325363159,0.0009710739480037015,0.2823229481776555,0.32964657322625135,0.37928894300483346,0.29106448376891514,2,0.04595560967150014,0.6406676769256592,0.045152366161346436,2026-03-13 10:58:10.292308
186,186,0.29347431659698486,0.24525409936904907,0.27621740102767944,0.2716486056645711,0.5032259225845337,0.299957275390625,0.34130197763442993,0.38149505853652954,0.20496749877929688,True,0.17652755975723267,0.00769409903154165,0.2949683169523875,0.3367147116308928,0.3587718649757182,0.304513423393389,2,0.02543853164238491,0.6641523838043213,0.03689207881689072,2026-03-13 10:58:10.402203
187,187,0.23261821269989014,0.29716598987579346,0.2906137704849243,0.27346599102020264,0.30193352699279785,0.5329897105693817,0.3386729955673218,0.39119874437650043,0.2549312114715576,False,0.1362675329049428,0.01027730380547847,0.3495651086171468,0.33056798732242754,0.32034298085652807,0.34908903182104434,3,0.015755698487711023,0.6011243462562561,0.0161626935005188,2026-03-13 10:58:10.558536
188,188,0.23543000221252441,0.26722484827041626,0.32216715812683105,0.2749406695365906,0.3643496036529541,0.4938585162162781,0.4493151307106018,0.43584108352661133,0.3909541964530945,False,0.044886887073516846,0.002886201379313983,0.3628956874211629,0.3591994714675661,0.3609983507976092,0.27980217773482463,2,0.02766501746427591,0.6783638000488281,0.03490534424781799,2026-03-13 10:58:10.707951
189,189,0.24005669355392456,0.22966313362121582,0.41700589656829834,0.2955752412478129,0.30284416675567627,0.5023398697376251,0.5692027807235718,0.4581289390722911,0.40132975578308105,False,0.05679918328921002,0.012801788400963883,0.46863632400830585,0.3389735311610834,0.3355404266598654,0.32548604217905125,1,0.005640197827750104,0.5739911794662476,0.01584474742412567,2026-03-13 10:58:10.889271
190,190,0.3546551465988159,0.25814151763916016,0.22975635528564453,0.28085100650787354,0.6302585005760193,0.5296677947044373,0.5714558362960815,0.5771273771921793,0.5180588662624359,False,0.05906851092974341,0.001702498206025243,0.3672454357147217,0.3432251710795087,0.34891993272980554,0.3078548961906858,2,0.015586599396472223,0.5388038754463196,0.017056718468666077,2026-03-13 10:58:11.067841
191,191,0.23229146003723145,0.2875646948814392,0.3000375032424927,0.27329788605372113,0.4524329900741577,0.558565080165863,0.3878116011619568,0.46626989046732586,0.34677350521087646,False,0.1194963852564494,0.004955188338234804,0.3039255241552989,0.3278971988652794,0.35623320454300245,0.31586959659171826,2,0.02289987120966913,0.6357166767120361,0.01336713694036007,2026-03-13 10:58:11.197024
192,192,0.2435055375099182,0.3766435980796814,0.23402076959609985,0.28472330172856647,0.4644441604614258,0.5264577865600586,0.4481542110443115,0.47968538602193195,0.4278595447540283,False,0.05182584126790363,0.001138055801384831,0.39425478378931683,0.33000076797170763,0.3359424205359302,0.3340568114923622,2,0.0026090872025968936,0.5451487302780151,0.02178303152322769,2026-03-13 10:58:11.362234
193,193,0.2313411831855774,0.31024712324142456,0.2778969407081604,0.27316174904505414,0.4469760060310364,0.4148489236831665,0.42907893657684326,0.43030128876368207,0.3333558440208435,False,0.09694544474283856,0.00017277197579880344,0.4051268994808197,0.33127368740871654,0.35219187954901154,0.3165344330422719,2,0.01885854621567823,0.6968016028404236,0.0154845817014575,2026-03-13 10:58:11.492863
194,194,0.2626299262046814,0.27241086959838867,0.2690553665161133,0.26803205410639447,0.3609679937362671,0.5407658815383911,0.390239953994751,0.43065794308980304,0.22527998685836792,True,0.20537795623143512,0.006204686997594738,0.19412960608800253,0.35566159069763087,0.28625774200643217,0.358080667295937,3,0.0247473339626037,0.7317259907722473,0.034753330051898956,2026-03-13 10:58:11.703559
195,195,0.23225510120391846,0.31549304723739624,0.2720893621444702,0.27327917019526166,0.46042001247406006,0.5352627038955688,0.375468373298645,0.457050363222758,0.26696181297302246,True,0.19008855024973553,0.004261381949858232,0.2617123524347941,0.30062208812883223,0.33200900361812974,0.36736890825303803,3,0.034035574919704714,0.6850184798240662,0.025959376245737076,2026-03-13 10:58:11.859533
196,196,0.223829984664917,0.24025291204452515,0.4355219602584839,0.29986828565597534,0.3568348288536072,0.3835551142692566,0.6580673456192017,0.4661524295806885,0.3217836022377014,False,0.14436882734298706,0.018534663107817078,0.32406560083230335,0.36628028518089123,0.3386742820928045,0.2950454327263043,1,0.032946951847557915,0.6154594421386719,0.026188936084508896,2026-03-13 10:58:12.043790
197,197,0.28441333770751953,0.25089067220687866,0.26958322525024414,0.2682957450548808,0.39783740043640137,0.5282627046108246,0.458437442779541,0.4615125159422557,0.2920396327972412,False,0.16947288314501446,0.0028398546989764936,0.1822256843249003,0.3530725173843633,0.29315309916177384,0.3537743834538628,3,0.02044105012052949,0.7609638571739197,0.03318561613559723,2026-03-13 10:58:12.194796
198,198,0.24489355087280273,0.23358625173568726,0.3661590814590454,0.28154629468917847,0.5321395993232727,0.4611680507659912,0.5087287724018097,0.5006788074970245,0.37407493591308594,False,0.1266038715839386,0.0008718944182538971,0.3889291187127431,0.314944742763351,0.35505721758796305,0.32999803964868596,2,0.021723884254629733,0.5636537671089172,0.024695055559277534,2026-03-13 10:58:12.377576
199,199,0.24819213151931763,0.2542908787727356,0.3075631856918335,0.2700153986612956,0.38062232732772827,0.3557378053665161,0.4885439872741699,0.40830137332280475,0.24436330795288086,True,0.1639380653699239,0.003322645119080252,0.30167191723982495,0.3153621640552422,0.3716800755095405,0.3129577604352173,2,0.038346742176207205,0.6941323280334473,0.030355066061019897,2026-03-13 10:58:12.492136
200,200,0.25363683700561523,0.24096405506134033,0.32118380069732666,0.2719282309214274,0.49541759490966797,0.4161010980606079,0.42182648181915283,0.44444839159647626,0.30230188369750977,False,0.1421465078989665,0.0013043931797211727,0.21624883512655893,0.3297709775393706,0.31962099048379555,0.3506080319768338,3,0.017274698643500508,0.7006145119667053,0.03800594061613083,2026-03-13 10:58:12.665017
201,201,0.33486294746398926,0.24255919456481934,0.2448902726173401,0.2741041382153829,0.6599518954753876,0.6375544369220734,0.5229044556617737,0.6068035960197449,0.5582978129386902,False,0.04850578308105469,0.0036031405680111797,0.2502719263235728,0.3311437163074095,0.34021641304923556,0.32863987064335487,2,0.0068830797159022405,0.6731703281402588,0.019356822595000267,2026-03-13 10:58:12.903135
202,202,0.2839123010635376,0.26043522357940674,0.2564432621002197,0.2669302622477214,0.4886699914932251,0.37355703115463257,0.40914100408554077,0.4237893422444661,0.22382783889770508,True,0.19996150334676105,0.0023157858450615107,0.20464511712392172,0.3557814882055217,0.3070676982286153,0.3371508135658629,1,0.022448154872188375,0.6844565272331238,0.03354430943727493,2026-03-13 10:58:13.154133
203,203,0.2510627508163452,0.25915849208831787,0.2901611924171448,0.2667941451072693,0.4835655689239502,0.46727389097213745,0.5623691976070404,0.504402885834376,0.40365105867385864,False,0.10075182716051734,0.001724283112010462,0.2503862529993057,0.32757974842514165,0.2985574172403212,0.3738628343345371,3,0.04052950100120378,0.718517541885376,0.036354705691337585,2026-03-13 10:58:13.305043
204,204,0.33305060863494873,0.25453996658325195,0.23211157321929932,0.2732340494791667,0.502422034740448,0.4498515725135803,0.40963780879974365,0.453970472017924,0.32380473613739014,False,0.13016573588053387,0.0014433014304660536,0.3356294433275859,0.3644037938956152,0.3482922213705574,0.28730398473382723,1,0.03107046056228191,0.6860480308532715,0.028506508097052574,2026-03-13 10:58:13.522513
205,205,0.22631287574768066,0.2905086278915405,0.2938350439071655,0.2702188491821289,0.39453423023223877,0.6728344559669495,0.38260918855667114,0.4833259582519531,0.38877177238464355,False,0.09455418586730957,0.017980436456258058,0.26245858520269394,0.37171581074462495,0.30454787820394996,0.3237363110514251,1,0.03838247741129164,0.7043784856796265,0.0215311162173748,2026-03-13 10:58:13.691991
206,206,0.23148638010025024,0.28744667768478394,0.28709548711776733,0.26867618163426715,0.41480565071105957,0.8368970602750778,0.35913437604904175,0.536945695678393,0.27659010887145996,True,0.26035558680693305,0.045501959032122306,0.22913161665201187,0.3841827619926278,0.2206574697287288,0.39515976827864335,3,0.06182643494531004,0.6353130340576172,0.01998090371489525,2026-03-13 10:58:13.935853
207,207,0.208221435546875,0.26454412937164307,0.402022123336792,0.29159589608510333,0.4559522867202759,0.5659299194812775,0.6473766565322876,0.5564196209112803,0.4120292663574219,False,0.1443903545538584,0.006152437782432882,0.21961273749669394,0.3754710218172438,0.26029686740403635,0.3642321107787199,1,0.042137688483910474,0.6202327013015747,0.026508698239922523,2026-03-13 10:58:14.112527
